EmployeeID,Age,YearsOfExperience,SkillScore,Certifications,WorkHoursPerWeek,Salary,Gender_Male,EducationLevel_Master's,EducationLevel_PhD,JobRole_Designer,JobRole_Developer,JobRole_Manager,JobRole_Quality Compliance Tester,CompanyType_Medium,CompanyType_Startup
107,59,7,6,10,45,879199,1,0,1,0,0,1,0,0,1
108,49,6,10,5,26,205972,0,0,0,1,0,0,0,0,1
109,35,39,2,5,58,1167450,0,0,1,0,0,1,0,0,0
110,28,11,7,6,50,456913,1,0,0,0,0,0,0,0,0
111,41,12,3,5,24,564305,0,1,0,0,0,1,0,0,1
112,59,16,9,4,54,211569,0,0,0,0,1,0,0,0,1
113,39,16,5,9,33,411778,0,0,0,0,0,1,0,0,1
114,43,35,8,4,55,1198585,0,0,1,0,0,1,0,0,0
115,31,20,6,8,46,1038023,1,0,1,1,0,0,0,0,0
116,31,7,10,7,43,261345,1,0,0,0,1,0,0,0,1
117,44,4,8,9,59,784307,0,1,0,0,1,0,0,0,0
118,56,25,3,3,48,595674,1,0,0,0,0,1,0,1,0
119,44,15,3,3,41,482663,0,0,0,1,0,0,0,0,0
120,23,35,5,9,27,907092,0,1,0,0,0,1,0,0,0
121,42,27,10,4,34,1246651,0,0,1,0,0,1,0,0,0
122,22,28,3,2,24,358333,0,0,0,0,0,0,0,1,0
123,44,11,8,7,23,830539,0,0,1,0,0,0,0,1,0
124,50,36,10,6,30,865198,1,0,1,1,0,0,0,1,0
125,58,29,8,4,37,418854,0,1,0,0,0,0,1,0,1
126,22,22,2,9,49,364824,1,1,0,0,0,0,0,0,1
127,41,15,4,2,34,832920,1,0,1,0,0,0,1,1,0
128,53,13,10,4,25,289035,0,0,0,0,1,0,0,0,1
129,32,9,1,2,35,631936,0,0,1,0,0,0,0,0,1
130,42,6,4,9,59,254550,0,0,0,0,0,0,0,0,1
131,45,36,4,4,28,374857,0,0,0,1,0,0,0,1,0
132,47,28,10,0,53,680057,0,1,0,0,0,0,1,0,0
133,48,2,9,5,46,310310,1,0,0,0,0,0,0,1,0
134,36,14,3,9,32,390355,0,0,0,0,0,0,0,1,0
135,35,35,2,3,55,744493,0,0,1,1,0,0,0,0,1
136,23,18,9,3,46,408013,1,1,0,1,0,0,0,0,1
137,57,12,9,7,28,529022,1,0,0,0,0,0,1,0,0
138,27,20,1,1,24,465906,0,0,0,0,1,0,0,0,0
139,41,36,6,3,41,720868,1,1,0,0,1,0,0,0,0
140,29,26,10,1,50,1154546,0,0,1,0,0,1,0,0,0
141,59,28,8,0,22,640812,1,1,0,0,0,0,0,1,0
142,38,19,3,9,49,727355,1,1,0,0,0,0,1,0,0
143,24,24,9,2,40,342149,0,0,0,0,0,0,0,1,0
144,45,5,2,7,54,199881,1,0,0,0,0,0,1,0,1
145,34,35,6,5,25,992184,1,0,1,0,0,0,1,0,0
146,29,1,1,6,47,135358,1,0,0,0,0,0,1,0,1
147,46,21,7,1,51,214830,1,0,0,0,0,0,0,0,1
148,22,31,3,5,56,563704,1,1,0,1,0,0,0,1,0
149,40,15,7,7,44,564703,1,0,0,0,0,0,0,0,0
150,48,17,4,7,51,832793,0,0,1,0,0,0,1,1,0
151,27,4,9,3,54,561869,0,1,0,0,0,1,0,0,1
152,28,35,5,5,41,1090929,1,0,1,0,1,0,0,0,0
153,55,29,3,4,43,376129,0,1,0,0,0,0,1,0,1
154,34,18,8,8,58,351704,0,0,0,0,0,1,0,0,1
155,37,22,6,7,49,669776,0,1,0,1,0,0,0,0,0
156,56,33,2,1,51,724755,1,1,0,0,0,0,1,0,0
157,24,12,3,6,50,659281,0,0,0,0,0,1,0,0,0
158,22,28,8,6,42,334236,1,0,0,0,0,0,1,1,0
159,26,35,10,10,59,920280,0,0,1,0,0,0,0,1,0
160,24,21,7,0,52,815833,1,0,1,0,0,1,0,0,1
161,49,35,10,0,44,565705,1,0,0,0,0,0,0,0,0
162,38,8,6,3,55,229120,0,0,0,0,0,0,0,0,1
163,46,38,1,4,43,412946,0,0,0,0,0,1,0,0,1
164,54,18,9,3,50,458333,1,1,0,0,1,0,0,0,1
165,30,37,3,6,58,581777,0,1,0,0,0,1,0,0,1
166,56,5,5,2,32,425106,0,1,0,0,1,0,0,0,1
167,34,14,7,6,29,443933,0,0,0,0,0,0,1,0,0
168,51,19,7,7,42,853014,1,0,1,0,0,0,1,1,0
169,35,8,3,5,37,702893,1,0,0,0,0,1,0,0,0
170,28,31,4,5,51,745107,0,1,0,0,0,0,1,0,0
171,34,3,10,7,52,707458,0,1,0,1,0,0,0,0,0
172,43,17,7,7,55,335327,0,0,0,0,0,0,0,1,0
173,41,4,8,6,47,336844,1,0,0,0,0,0,0,1,0
174,36,19,2,5,35,619700,1,1,0,0,1,0,0,1,0
175,38,22,9,5,35,659792,0,1,0,0,0,0,1,0,0
176,44,10,7,9,37,584695,0,1,0,0,1,0,0,1,0
177,46,36,8,10,27,304187,0,0,0,0,0,0,0,0,1
178,45,21,6,5,35,571010,0,1,0,0,0,0,0,1,0
179,49,3,6,7,30,680637,0,1,0,0,0,0,1,0,0
180,35,28,9,0,25,1044610,0,0,1,1,0,0,0,0,0
181,21,33,4,4,20,228910,1,0,0,1,0,0,0,0,1
182,45,12,5,2,31,866212,0,0,1,0,0,0,1,1,0
183,27,8,9,7,57,822632,1,0,1,0,0,0,1,1,0
184,29,30,1,10,47,437790,0,1,0,0,1,0,0,0,1
185,44,6,4,5,36,514568,0,0,0,0,0,0,1,0,0
186,21,3,7,1,20,638385,1,1,0,1,0,0,0,0,0
187,28,18,9,6,51,361214,1,0,0,0,0,0,1,1,0
188,44,29,10,6,27,947044,1,0,1,0,1,0,0,1,0
189,31,30,6,4,59,389870,1,0,0,0,1,0,0,1,0
190,37,34,8,7,43,618110,0,1,0,0,1,0,0,1,0
191,28,20,9,4,29,538171,1,1,0,0,1,0,0,1,0
192,55,30,10,0,58,874589,0,1,0,0,0,1,0,0,0
193,55,18,4,8,58,487077,1,0,0,0,0,0,1,0,0
194,53,30,1,3,29,1048874,0,0,1,0,0,0,0,0,0
195,25,31,8,1,55,1017746,0,0,1,0,0,0,1,0,0
196,59,1,2,3,44,404272,0,0,0,0,0,1,0,0,1
197,48,9,1,8,29,720727,0,1,0,0,1,0,0,0,0
198,27,1,7,1,38,805437,0,0,1,0,0,1,0,0,1
199,29,1,10,3,34,634254,0,1,0,1,0,0,0,0,0
200,28,23,9,1,35,324188,1,0,0,1,0,0,0,1,0
201,32,16,9,4,21,498048,0,1,0,0,0,0,1,1,0
202,54,31,3,2,48,840068,1,0,1,0,0,0,1,1,0
203,53,15,6,9,23,787083,1,0,1,0,0,0,0,0,1
204,43,15,7,1,48,732519,0,1,0,0,0,0,0,0,0
205,44,38,10,8,50,527545,1,0,0,1,0,0,0,0,0
206,57,30,9,4,36,509949,0,1,0,0,1,0,0,0,1
207,55,23,2,9,29,459949,1,0,0,0,0,1,0,0,1
208,42,0,8,4,46,390217,0,1,0,0,0,0,0,0,1
209,47,10,7,0,60,699122,1,0,1,0,0,0,0,0,1
210,55,20,4,5,34,236746,0,0,0,0,1,0,0,0,1
211,21,3,2,6,50,301209,0,0,0,0,1,0,0,1,0
212,55,6,8,0,40,460358,0,0,0,0,0,0,1,0,0
213,57,25,5,8,60,884523,0,0,1,0,0,1,0,0,1
214,34,11,6,7,45,623887,1,1,0,0,1,0,0,1,0
215,23,30,7,7,57,706756,0,0,1,0,0,0,0,0,1
216,21,16,10,6,55,371175,1,0,0,0,0,0,0,1,0
217,25,32,1,4,36,406281,1,1,0,1,0,0,0,0,1
218,46,10,8,2,22,1027289,1,0,1,0,1,0,0,0,0
219,34,27,4,8,33,219597,0,0,0,0,0,0,1,0,1
220,59,31,9,6,32,463181,1,0,0,0,0,1,0,0,1
221,47,0,1,10,60,1020728,1,0,1,0,0,0,1,0,0
222,29,27,2,9,46,1022759,1,0,1,0,0,0,0,0,0
223,35,6,6,9,20,656839,0,0,1,0,0,0,1,0,1
224,35,1,10,7,36,479910,0,0,0,0,0,0,0,0,0
225,46,23,1,5,53,983947,1,0,1,0,0,0,0,0,0
226,33,3,4,10,33,387069,0,0,0,0,0,0,0,1,0
227,52,18,8,4,36,1057665,0,0,1,0,0,0,0,0,0
228,59,25,10,7,22,608394,1,0,0,0,0,0,0,0,0
229,52,10,5,2,53,161907,1,0,0,1,0,0,0,0,1
230,24,39,9,6,59,395137,0,1,0,0,0,0,1,0,1
231,50,10,6,1,44,833196,1,0,1,1,0,0,0,1,0
232,57,2,1,2,21,655369,0,0,1,1,0,0,0,0,1
233,43,11,6,1,53,564517,0,0,0,0,1,0,0,0,0
234,59,2,6,4,45,578217,0,0,0,0,1,0,0,0,0
235,35,26,6,6,50,501589,0,0,0,0,1,0,0,0,0
236,49,1,8,10,28,565060,0,1,0,0,0,1,0,0,1
237,56,15,6,9,49,715534,0,1,0,0,1,0,0,0,0
238,33,1,5,10,39,429669,1,0,0,0,0,0,1,0,0
239,52,29,2,10,40,936949,1,0,1,1,0,0,0,1,0
240,27,19,4,10,48,801739,0,0,1,0,0,0,1,1,0
241,42,37,10,9,44,592915,0,1,0,0,1,0,0,1,0
242,48,27,5,0,57,628988,0,1,0,0,0,1,0,0,1
243,22,24,10,9,44,726944,1,0,0,0,0,1,0,0,0
244,26,31,4,8,28,972984,0,0,1,1,0,0,0,0,0
245,48,9,2,0,58,474487,1,0,0,0,0,0,1,0,0
246,48,39,7,0,45,563725,0,1,0,0,0,0,0,1,0
247,40,32,10,9,56,1070459,0,0,1,0,0,0,1,0,0
248,50,12,10,7,35,1065104,1,0,1,0,1,0,0,0,0
249,31,36,2,5,56,699936,1,1,0,0,0,0,0,0,0
250,48,15,1,5,31,672112,0,0,0,0,0,1,0,0,0
251,45,21,5,8,43,560446,0,0,0,1,0,0,0,0,0
252,59,19,1,3,45,759033,0,0,1,1,0,0,0,0,1
253,53,26,1,7,39,899952,1,1,0,0,0,1,0,0,0
254,21,15,1,3,28,708445,1,0,1,0,1,0,0,0,1
255,47,33,6,1,42,943899,1,1,0,0,0,1,0,0,0
256,33,31,9,10,58,227880,1,0,0,0,1,0,0,0,1
257,23,25,10,7,48,726798,1,1,0,0,0,0,0,0,0
258,59,24,1,6,50,746246,1,0,0,0,0,1,0,0,0
259,26,1,5,3,38,722321,0,1,0,0,1,0,0,0,0
260,28,11,9,8,39,988760,0,0,1,0,0,0,0,0,0
261,47,39,9,8,42,575379,1,0,0,0,0,1,0,1,0
262,29,8,1,7,46,945143,0,0,1,1,0,0,0,0,0
263,57,11,8,0,49,884244,0,0,1,0,0,1,0,0,1
264,53,25,1,6,40,388449,1,0,0,0,0,0,1,1,0
265,44,8,8,4,54,510578,0,0,0,0,0,1,0,1,0
266,35,9,1,6,26,1003762,1,0,1,0,0,0,1,0,0
267,52,31,5,8,41,764831,1,0,1,0,0,0,0,0,1
268,52,33,8,1,29,958051,0,0,1,0,0,1,0,0,1
269,44,19,6,10,42,903315,1,0,1,0,0,0,0,1,0
270,32,38,9,3,34,262519,1,0,0,0,0,0,0,0,1
271,59,1,1,3,49,485678,1,0,0,0,1,0,0,0,0
272,22,0,9,1,53,1010526,1,0,1,0,0,0,0,0,0
273,23,35,1,2,32,734357,1,1,0,0,0,0,0,0,0
274,57,23,10,10,23,946697,1,1,0,0,0,1,0,0,0
275,37,26,10,7,37,698366,1,0,0,0,0,1,0,0,0
276,22,1,3,8,42,821455,1,0,1,1,0,0,0,1,0
277,22,30,1,5,52,1078830,0,0,1,0,1,0,0,0,0
278,48,13,3,9,53,517411,0,0,0,0,0,0,0,0,0
279,43,1,2,1,53,579922,0,1,0,0,1,0,0,1,0
280,57,28,2,1,55,564619,1,1,0,0,0,0,1,1,0
281,52,14,9,6,54,578296,1,1,0,0,0,0,0,1,0
282,53,11,8,7,36,224291,0,0,0,0,1,0,0,0,1
283,21,36,1,7,47,371301,0,1,0,1,0,0,0,0,1
284,39,27,4,5,33,566029,0,0,0,1,0,0,0,0,0
285,22,19,1,9,53,490279,1,0,0,0,0,0,0,0,0
286,46,38,1,7,30,1017894,0,0,1,0,0,0,1,0,0
287,52,23,4,0,32,458417,0,1,0,1,0,0,0,0,1
288,26,20,2,8,52,528618,1,0,0,1,0,0,0,0,0
289,52,9,3,0,21,675750,0,1,0,0,0,0,1,0,0
290,24,13,9,2,53,433494,1,1,0,0,1,0,0,0,1
291,31,36,2,8,48,869770,1,0,1,1,0,0,0,1,0
292,37,17,4,10,56,567800,1,1,0,0,0,1,0,0,1
293,58,23,1,4,23,1039735,0,0,1,1,0,0,0,0,0
294,44,13,2,8,31,215985,0,0,0,0,1,0,0,0,1
295,25,33,5,8,45,593785,1,1,0,0,1,0,0,1,0
296,54,11,10,5,47,397055,0,0,0,0,0,0,0,1,0
297,26,21,1,10,22,716971,0,1,0,0,0,1,0,1,0
298,42,5,7,0,39,357171,0,0,0,0,1,0,0,1,0
299,31,35,4,9,29,543770,0,1,0,0,0,0,1,1,0
300,36,35,6,6,37,801651,1,1,0,0,0,1,0,1,0
301,53,21,8,5,46,874198,0,1,0,0,0,1,0,0,0
302,29,13,6,8,50,711765,1,1,0,0,0,0,1,0,0
303,26,15,2,6,46,375229,1,1,0,1,0,0,0,0,1
304,36,35,1,10,20,686671,0,1,0,0,0,0,1,0,0
305,49,24,8,3,25,594483,1,1,0,0,0,0,1,1,0
306,23,31,8,6,30,729184,0,1,0,1,0,0,0,0,0
307,40,32,9,1,53,429165,0,1,0,1,0,0,0,0,1
308,56,35,6,5,58,400448,1,0,0,1,0,0,0,1,0
309,39,19,1,5,39,984225,1,0,1,1,0,0,0,0,0
310,46,17,9,1,40,676950,1,1,0,1,0,0,0,0,0
311,23,37,3,3,40,661800,1,0,1,0,0,0,1,0,1
312,39,2,6,7,37,584600,0,1,0,0,0,0,0,1,0
313,40,22,10,7,40,393441,0,1,0,0,0,0,0,0,1
314,52,31,10,7,38,403832,0,0,0,0,1,0,0,1,0
315,27,15,9,7,23,333615,1,0,0,0,0,0,0,1,0
316,53,4,3,0,32,1039405,1,0,1,0,0,0,0,0,0
317,59,3,5,1,37,218904,1,0,0,0,0,0,1,0,1
318,38,20,5,3,48,193997,0,0,0,1,0,0,0,0,1
319,21,39,10,8,44,774651,1,0,1,1,0,0,0,0,1
320,31,13,7,2,32,289115,0,0,0,0,0,0,1,1,0
321,48,38,4,5,46,417732,1,1,0,0,0,0,0,0,1
322,45,30,4,6,38,846367,0,0,1,0,0,0,1,1,0
323,43,13,7,7,20,735238,0,0,1,0,1,0,0,0,1
324,51,5,9,6,57,360481,1,1,0,1,0,0,0,0,1
325,50,11,4,2,38,688381,1,0,0,0,0,1,0,0,0
326,55,15,4,5,20,754109,0,0,1,0,1,0,0,0,1
327,27,16,6,4,59,1057090,0,0,1,0,1,0,0,0,0
328,36,22,6,9,36,753855,1,1,0,0,0,0,1,0,0
329,46,13,7,3,40,595166,1,1,0,0,0,0,0,1,0
330,22,6,1,0,41,182351,0,0,0,1,0,0,0,0,1
331,21,31,3,6,34,845066,1,0,1,0,0,1,0,0,1
332,32,14,9,7,58,278865,0,0,0,0,1,0,0,0,1
333,25,16,6,1,58,680885,0,0,0,0,0,1,0,0,0
334,57,33,6,6,51,422228,1,1,0,0,0,0,0,0,1
335,52,4,5,5,23,891911,1,0,1,0,0,0,0,1,0
336,29,26,3,4,51,1068350,1,0,1,0,0,1,0,1,0
337,55,22,5,3,23,708214,1,0,1,1,0,0,0,0,1
338,39,39,1,1,20,735435,1,1,0,0,0,0,0,0,0
339,36,13,3,9,52,770581,0,1,0,0,0,1,0,1,0
340,23,14,4,5,26,557588,0,1,0,0,1,0,0,1,0
341,40,32,5,4,28,873953,1,1,0,0,0,1,0,0,0
342,44,30,10,1,20,775408,1,1,0,0,0,1,0,1,0
343,53,34,9,9,35,1078904,1,0,1,0,0,0,1,0,0
344,44,16,4,6,37,353103,0,0,0,0,0,0,0,1,0
345,31,27,3,5,25,1028449,1,0,1,1,0,0,0,0,0
346,28,18,10,10,21,414805,1,0,0,1,0,0,0,1,0
347,56,22,1,8,28,419264,0,1,0,0,0,0,1,0,1
348,58,31,10,10,23,389656,0,0,0,1,0,0,0,1,0
349,40,39,6,9,42,1045923,1,0,1,0,0,1,0,1,0
350,55,12,7,4,27,692062,1,0,1,0,0,0,1,0,1
351,45,19,10,8,58,255305,1,0,0,0,1,0,0,0,1
352,55,34,8,8,44,422987,0,1,0,0,0,0,0,0,1
353,45,4,1,0,35,390979,1,1,0,0,0,0,0,0,1
354,49,8,4,4,54,993597,1,0,1,0,0,0,0,0,0
355,38,28,5,8,36,742905,1,0,0,0,0,1,0,0,0
356,38,5,2,6,37,540368,0,1,0,0,1,0,0,1,0
357,22,24,1,5,46,556970,0,1,0,0,0,0,1,1,0
358,55,30,8,5,34,899805,1,0,1,0,0,0,1,1,0
359,36,21,6,10,36,764584,1,1,0,0,0,0,0,0,0
360,56,1,5,6,24,347136,0,0,0,0,1,0,0,1,0
361,53,4,9,0,35,879467,0,0,1,0,1,0,0,1,0
362,24,26,2,3,34,1068919,0,0,1,0,1,0,0,0,0
363,53,24,10,0,53,341007,0,0,0,1,0,0,0,1,0
364,34,7,8,5,38,1036247,0,0,1,1,0,0,0,0,0
365,41,0,10,3,27,721864,0,1,0,0,0,0,0,0,0
366,40,19,9,0,29,384889,0,1,0,0,1,0,0,0,1
367,28,22,1,8,24,191458,0,0,0,0,1,0,0,0,1
368,27,31,7,3,45,719981,0,1,0,0,0,0,1,0,0
369,23,10,8,5,41,498888,1,0,0,0,0,0,1,0,0
370,37,38,3,6,42,269022,1,0,0,0,0,0,0,0,1
371,53,23,4,7,32,602900,1,1,0,0,1,0,0,1,0
372,32,10,3,10,28,375628,0,0,0,0,0,0,0,1,0
373,42,28,7,8,39,578857,1,1,0,0,0,0,1,1,0
374,42,25,9,8,47,1040867,0,0,1,0,0,0,1,0,0
375,50,15,3,7,56,701027,0,0,1,1,0,0,0,0,1
376,58,34,6,9,43,443648,1,0,0,0,0,0,0,1,0
377,58,19,8,10,52,424437,0,1,0,0,0,0,0,0,1
378,28,2,6,2,39,381672,1,1,0,0,1,0,0,0,1
379,47,0,2,1,49,950112,1,0,1,0,1,0,0,0,0
380,47,0,7,4,28,823545,1,0,1,1,0,0,0,1,0
381,54,16,2,0,36,624276,0,1,0,0,0,1,0,0,1
382,41,1,2,2,55,686517,1,0,0,0,0,1,0,0,0
383,50,28,2,0,33,1189355,0,0,1,0,0,1,0,0,0
384,53,19,1,2,38,540061,1,0,0,0,0,0,0,0,0
385,48,5,1,3,26,325582,1,0,0,0,0,0,0,1,0
386,53,7,7,6,22,860982,1,0,1,0,0,0,1,1,0
387,25,28,5,4,52,543098,0,0,0,0,0,0,0,0,0
388,39,32,3,4,51,341304,0,0,0,0,0,0,0,1,0
389,24,2,1,0,30,510625,0,1,0,0,0,0,0,1,0
390,55,34,10,7,21,284551,1,0,0,1,0,0,0,0,1
391,37,4,6,3,45,683885,1,1,0,0,0,0,0,0,0
392,48,26,1,9,23,1082246,0,0,1,0,1,0,0,0,0
393,50,11,9,4,36,854088,0,0,1,0,1,0,0,1,0
394,49,19,2,1,36,660467,0,1,0,0,0,0,1,0,0
395,26,19,1,0,47,1008940,0,0,1,1,0,0,0,0,0
396,55,8,7,8,49,524256,0,0,0,0,1,0,0,0,0
397,57,38,6,1,59,402348,0,0,0,1,0,0,0,1,0
398,44,3,6,5,42,315552,1,0,0,1,0,0,0,1,0
399,49,18,5,0,43,871972,0,0,1,0,0,0,1,1,0
400,51,37,4,0,48,266851,1,0,0,1,0,0,0,0,1
401,55,26,4,8,23,1059479,1,0,1,0,0,0,0,0,0
402,53,12,3,3,57,231732,0,0,0,1,0,0,0,0,1
403,41,12,10,8,48,568200,0,1,0,0,0,0,1,1,0
404,52,21,8,10,38,768125,1,0,1,0,0,0,1,0,1
405,43,27,7,4,46,1047640,0,0,1,0,0,0,1,0,0
406,53,21,9,6,48,518006,0,0,0,0,1,0,0,0,0
407,23,18,1,0,55,875120,1,0,1,0,0,0,0,1,0
408,38,7,7,5,54,843209,1,0,1,0,1,0,0,1,0
409,45,7,10,7,25,600035,1,1,0,0,0,1,0,0,1
410,51,25,4,0,42,566340,0,1,0,0,0,0,0,1,0
411,23,25,7,8,58,224087,1,0,0,1,0,0,0,0,1
412,44,22,1,2,27,699321,0,1,0,0,0,0,1,0,0
413,52,12,5,0,21,668202,1,0,0,0,0,1,0,0,0
414,42,27,3,0,32,520088,1,0,0,0,0,0,0,0,0
415,43,8,5,10,59,493090,1,0,0,0,1,0,0,0,0
416,22,19,4,5,40,987731,0,0,1,0,0,0,1,0,0
417,47,18,2,10,50,424552,0,1,0,0,1,0,0,0,1
418,22,38,4,5,55,571671,1,0,0,0,0,0,0,0,0
419,46,11,3,0,57,423727,1,1,0,0,0,0,0,0,1
420,37,14,1,2,46,644741,1,0,0,0,0,1,0,0,0
421,53,30,10,6,55,422661,0,1,0,1,0,0,0,0,1
422,29,13,8,9,42,427525,1,1,0,0,1,0,0,0,1
423,59,10,5,2,40,341092,0,0,0,0,0,1,0,0,1
424,49,25,4,2,32,841174,1,0,1,0,0,0,1,1,0
425,46,26,10,2,56,376570,1,1,0,1,0,0,0,0,1
426,55,10,5,6,45,855084,1,0,1,0,0,1,0,0,1
427,45,37,4,3,59,1078343,1,0,1,0,1,0,0,0,0
428,44,33,3,3,26,244252,1,0,0,0,0,0,0,0,1
429,33,18,5,2,58,200278,1,0,0,0,0,0,1,0,1
430,27,5,4,9,41,408828,0,0,0,0,1,0,0,1,0
431,56,37,1,10,58,709265,1,1,0,1,0,0,0,0,0
432,40,27,3,8,42,349698,0,0,0,1,0,0,0,1,0
433,21,0,10,1,49,330201,1,0,0,0,0,0,0,1,0
434,28,34,10,3,37,606271,1,1,0,0,0,0,0,1,0
435,36,39,8,7,37,468238,0,1,0,0,0,0,1,0,1
436,34,7,7,5,29,325699,1,0,0,0,0,0,1,1,0
437,32,6,2,6,58,299377,0,0,0,0,0,0,0,1,0
438,43,10,1,6,49,532833,0,0,0,0,0,0,0,0,0
439,35,38,3,1,45,474036,1,0,0,1,0,0,0,0,0
440,48,3,5,3,26,986864,0,0,1,0,0,0,0,0,0
441,54,24,10,9,26,1271905,0,0,1,0,0,1,0,0,0
442,22,11,1,9,24,349943,1,0,0,0,1,0,0,1,0
443,52,25,3,5,20,987163,0,0,1,0,0,0,0,0,0
444,43,37,3,2,37,404744,1,1,0,0,0,0,1,0,1
445,42,11,5,8,32,1045891,1,0,1,0,0,1,0,1,0
446,45,36,3,3,44,1046564,1,0,1,0,0,0,1,0,0
447,42,23,9,9,59,601859,1,0,0,0,0,1,0,1,0
448,42,15,1,1,27,959577,0,0,1,0,0,0,0,0,0
449,26,12,4,5,29,869849,1,0,1,0,1,0,0,1,0
450,35,24,10,0,51,965631,1,0,1,0,0,0,1,0,0
451,57,3,10,5,36,894152,0,0,1,0,0,1,0,0,1
452,53,10,4,9,57,735446,1,1,0,1,0,0,0,0,0
453,28,31,1,0,34,335000,1,0,0,0,0,0,0,1,0
454,25,6,2,7,34,323897,0,0,0,0,1,0,0,1,0
455,59,10,1,4,59,421915,0,1,0,0,0,0,0,0,1
456,24,27,6,5,39,843877,0,0,1,1,0,0,0,1,0
457,26,22,3,1,34,439670,0,1,0,0,1,0,0,0,1
458,52,22,7,1,54,843897,0,0,1,1,0,0,0,1,0
459,50,27,5,8,25,596780,0,1,0,0,0,0,0,1,0
460,55,25,9,2,49,418820,0,0,0,0,0,1,0,0,1
461,36,24,7,5,27,398592,1,0,0,0,0,0,0,1,0
462,33,28,4,9,50,429486,0,0,0,0,0,0,0,1,0
463,50,18,5,4,51,742289,0,0,1,0,0,0,0,0,1
464,39,32,5,3,34,992941,0,0,1,0,0,0,1,0,0
465,37,35,5,9,37,491176,1,1,0,1,0,0,0,0,1
466,39,13,10,1,32,510734,1,1,0,1,0,0,0,1,0
467,48,13,9,7,43,546672,0,0,0,1,0,0,0,0,0
468,46,34,10,9,59,1002376,0,0,1,0,0,0,1,0,0
469,57,29,3,6,33,900283,0,1,0,0,0,1,0,0,0
470,46,27,6,10,47,744749,1,0,1,0,0,0,0,0,1
471,43,16,8,1,30,1174025,1,0,1,0,0,1,0,0,0
472,29,2,9,5,25,436447,0,0,0,0,0,0,1,0,0
473,32,15,7,7,44,540365,1,0,0,1,0,0,0,0,0
474,21,29,3,6,20,830213,0,0,1,0,0,0,0,1,0
475,21,28,1,0,44,664858,1,0,1,0,1,0,0,0,1
476,54,14,4,4,21,741115,1,0,1,0,1,0,0,0,1
477,52,24,6,1,51,1083008,0,0,1,0,0,1,0,1,0
478,45,37,3,5,32,546334,0,0,0,1,0,0,0,0,0
479,21,37,1,6,52,623560,0,1,0,0,1,0,0,1,0
480,36,22,6,6,51,498539,0,0,0,0,0,1,0,1,0
481,59,24,1,2,43,721983,1,1,0,0,0,0,1,0,0
482,25,6,9,6,46,1133857,1,0,1,0,0,1,0,0,0
483,42,21,1,4,23,537864,1,1,0,0,0,1,0,0,1
484,49,16,6,7,43,716985,0,0,0,0,0,1,0,0,0
485,23,17,1,7,42,355669,1,0,0,0,0,0,0,1,0
486,32,9,7,6,48,1058866,0,0,1,0,0,1,0,1,0
487,46,9,3,5,53,646578,1,0,0,0,0,1,0,0,0
488,36,6,6,1,40,672574,0,0,1,0,0,0,0,0,1
489,57,37,7,5,49,367369,0,0,0,0,0,0,0,1,0
490,42,26,1,10,45,530624,1,0,0,0,0,0,1,0,0
491,49,32,1,8,39,728075,0,0,1,1,0,0,0,0,1
492,34,0,5,1,35,435676,0,1,0,0,1,0,0,0,1
493,48,33,6,0,22,358159,1,0,0,0,1,0,0,1,0
494,25,3,9,10,56,708870,0,1,0,0,0,1,0,1,0
495,50,16,1,4,59,201185,0,0,0,0,0,0,1,0,1
496,25,3,4,10,44,392421,0,0,0,0,0,1,0,0,1
497,32,25,10,5,42,243251,1,0,0,0,1,0,0,0,1
498,36,3,8,2,20,500258,1,0,0,0,0,0,0,0,0
499,46,0,10,7,52,586873,0,1,0,1,0,0,0,1,0
500,46,6,9,6,34,351131,1,1,0,0,0,0,1,0,1
501,41,29,3,1,36,319858,0,0,0,0,0,0,0,1,0
502,59,8,2,6,53,399150,0,0,0,1,0,0,0,1,0
503,56,34,4,0,36,577371,0,1,0,0,0,0,1,1,0
504,53,7,2,8,60,728807,0,0,1,0,0,0,1,0,1
505,50,23,1,6,23,1078639,0,0,1,0,1,0,0,0,0
506,57,18,3,5,32,396246,1,1,0,0,0,0,0,0,1
507,43,35,7,1,23,334716,0,0,0,0,0,0,1,1,0
508,30,26,1,2,26,173209,1,0,0,0,0,0,1,0,1
509,25,31,2,0,28,683487,1,0,1,1,0,0,0,0,1
510,56,13,1,9,42,870077,0,0,1,0,1,0,0,1,0
511,54,17,8,4,52,744820,0,1,0,0,0,1,0,1,0
512,51,27,5,8,52,731801,1,0,1,0,1,0,0,0,1
513,30,28,8,5,39,623051,1,1,0,0,0,1,0,0,1
514,39,15,3,4,23,746838,1,0,1,0,0,0,0,0,1
515,52,34,7,2,20,698891,0,0,1,0,0,0,0,0,1
516,21,30,8,4,53,970972,1,0,1,0,0,0,1,0,0
517,25,3,6,7,46,187957,0,0,0,0,0,0,0,0,1
518,24,36,7,1,40,504435,0,0,0,0,0,0,1,0,0
519,36,16,2,4,43,341932,0,0,0,0,1,0,0,1,0
520,44,38,8,5,34,1011192,1,0,1,0,0,0,0,0,0
521,36,25,5,9,54,571628,0,1,0,0,1,0,0,1,0
522,22,38,7,7,44,731836,0,1,0,0,1,0,0,0,0
523,48,3,1,7,28,525337,0,1,0,0,0,0,0,1,0
524,52,29,5,4,36,435278,0,1,0,0,1,0,0,0,1
525,47,29,1,8,40,534630,0,0,0,0,0,0,0,0,0
526,40,21,8,3,32,488208,1,0,0,0,0,0,0,0,0
527,44,10,4,8,22,840232,0,0,1,0,0,0,0,1,0
528,32,1,4,10,23,1023766,0,0,1,0,0,1,0,1,0
529,55,11,2,6,23,727912,1,1,0,0,1,0,0,0,0
530,53,29,5,5,47,341282,0,0,0,1,0,0,0,1,0
531,53,35,1,3,26,452696,1,1,0,0,0,0,0,0,1
532,57,17,9,1,45,1024815,0,0,1,0,1,0,0,0,0
533,32,25,5,7,30,665552,1,0,1,0,0,0,1,0,1
534,23,6,6,5,43,653521,1,1,0,0,0,0,0,0,0
535,21,0,2,2,29,675434,0,0,1,0,0,0,0,0,1
536,53,25,10,6,56,776255,0,1,0,1,0,0,0,0,0
537,30,22,10,9,32,574690,0,0,0,0,0,1,0,1,0
538,49,25,1,6,58,887046,1,1,0,0,0,1,0,0,0
539,33,5,4,5,38,217845,1,0,0,0,0,0,0,0,1
540,32,5,7,1,38,477472,1,0,0,0,1,0,0,0,0
541,51,7,6,7,31,727559,0,0,1,0,0,0,1,0,1
542,22,23,10,0,41,695885,1,0,1,0,0,0,1,0,1
543,55,21,1,0,56,705530,1,0,1,0,1,0,0,0,1
544,43,18,1,5,49,552376,0,1,0,0,0,0,0,1,0
545,37,36,8,4,31,759641,1,1,0,0,0,0,1,0,0
546,46,17,4,8,48,938331,1,0,1,0,0,1,0,0,1
547,28,30,5,6,40,623400,0,1,0,0,1,0,0,1,0
548,49,36,7,1,30,763412,1,0,1,1,0,0,0,0,1
549,46,29,8,6,56,716555,0,1,0,0,0,0,0,0,0
550,30,32,10,2,37,448220,0,0,0,0,1,0,0,1,0
551,46,9,7,0,46,216008,0,0,0,0,0,0,1,0,1
552,54,36,2,10,56,742493,0,0,1,0,0,0,0,0,1
553,27,11,4,7,31,592361,0,1,0,0,0,1,0,0,1
554,24,29,10,2,42,705275,1,1,0,0,0,0,0,0,0
555,31,26,1,10,53,378057,1,0,0,0,0,0,0,1,0
556,49,38,10,7,57,627909,0,0,0,0,0,1,0,1,0
557,56,8,9,6,42,1035253,0,0,1,0,0,1,0,1,0
558,45,20,3,1,44,245717,1,0,0,0,0,0,0,0,1
559,41,11,3,0,23,1010384,0,0,1,0,0,1,0,1,0
560,56,28,10,6,49,307497,0,0,0,0,1,0,0,0,1
561,30,32,9,0,49,658705,0,0,0,0,0,1,0,0,0
562,57,14,10,5,32,752676,1,1,0,0,0,1,0,1,0
563,29,1,3,10,33,233140,1,0,0,0,0,0,0,0,1
564,44,38,8,9,27,468045,0,0,0,0,1,0,0,1,0
565,55,17,2,10,43,836601,0,0,1,1,0,0,0,1,0
566,55,2,3,9,37,518495,1,0,0,1,0,0,0,0,0
567,56,6,2,7,54,799743,1,0,1,0,0,0,1,1,0
568,38,17,1,6,44,637451,0,0,0,0,0,1,0,0,0
569,59,37,2,3,36,529514,0,0,0,0,0,1,0,1,0
570,52,36,8,0,51,903180,1,0,1,0,1,0,0,1,0
571,44,32,9,0,43,581977,1,1,0,1,0,0,0,1,0
572,43,30,2,3,26,865534,1,0,1,0,0,0,1,1,0
573,52,10,7,4,32,901209,0,0,1,0,1,0,0,1,0
574,57,3,5,6,46,1026408,1,0,1,0,0,1,0,1,0
575,32,17,3,3,24,688418,0,1,0,1,0,0,0,0,0
576,33,3,9,9,55,445719,1,0,0,0,0,0,1,0,0
577,43,33,6,0,45,686663,1,0,1,0,0,0,0,0,1
578,45,28,1,10,50,836470,1,0,1,1,0,0,0,1,0
579,55,23,5,9,29,698043,1,1,0,0,0,0,1,0,0
580,50,21,7,6,45,877776,0,0,1,0,1,0,0,1,0
581,37,1,4,1,41,311381,0,0,0,0,0,0,0,1,0
582,40,5,8,10,31,727450,1,1,0,0,0,0,1,0,0
583,45,24,10,1,51,316749,0,0,0,0,0,0,1,1,0
584,42,20,5,7,46,672182,1,0,0,0,0,1,0,0,0
585,33,15,9,9,52,742950,1,1,0,1,0,0,0,0,0
586,39,30,9,9,39,954543,1,0,1,0,0,1,0,0,1
587,56,13,9,9,58,291987,1,0,0,0,0,0,0,0,1
588,32,38,1,4,60,256144,0,0,0,0,0,0,1,0,1
589,39,27,2,9,59,376883,1,0,0,0,0,1,0,0,1
590,32,31,3,1,32,381078,1,0,0,1,0,0,0,1,0
591,29,27,4,4,33,539912,0,1,0,0,0,0,0,1,0
592,27,8,10,7,59,388181,1,1,0,0,1,0,0,0,1
593,48,21,9,5,41,702398,1,0,0,0,0,1,0,0,0
594,34,31,10,2,37,1041130,1,0,1,0,0,0,0,0,0
595,51,4,6,7,48,488405,0,0,0,0,1,0,0,0,0
596,39,22,1,8,35,1239404,1,0,1,0,0,1,0,0,0
597,36,4,9,4,54,307862,0,0,0,0,0,0,0,1,0
598,25,31,6,1,53,1016179,1,0,1,0,0,0,0,0,0
599,55,9,4,1,22,653188,1,0,0,0,0,1,0,0,0
600,32,38,4,6,23,738017,0,0,1,0,0,0,0,0,1
601,45,14,3,0,24,523481,1,0,0,0,0,0,1,0,0
602,41,6,7,9,29,498939,1,0,0,0,0,1,0,1,0
603,56,28,3,1,48,1076467,0,0,1,0,0,0,0,0,0
604,43,2,2,9,51,711585,0,1,0,0,1,0,0,0,0
605,36,18,10,3,50,859942,0,0,1,0,1,0,0,1,0
606,59,9,8,0,21,348772,0,1,0,0,0,0,1,0,1
607,59,27,4,3,31,555634,0,0,0,0,0,1,0,1,0
608,34,28,8,10,46,721265,1,0,1,0,0,0,0,0,1
609,51,14,1,9,24,1024192,0,0,1,0,0,0,0,0,0
610,25,34,5,4,56,721668,1,0,1,0,1,0,0,0,1
611,55,5,9,8,46,441060,1,1,0,0,0,0,1,0,1
612,43,11,1,0,42,453935,1,1,0,0,1,0,0,0,1
613,49,37,4,4,52,588783,0,0,0,0,1,0,0,0,0
614,31,12,6,1,23,328297,0,1,0,0,0,0,1,0,1
615,38,28,10,8,40,633005,1,1,0,0,0,1,0,0,1
616,32,18,8,5,43,523434,0,0,0,0,0,0,0,0,0
617,29,2,3,1,50,1000749,0,0,1,0,0,1,0,1,0
618,30,7,5,2,43,773107,0,0,1,1,0,0,0,1,0
619,37,7,7,7,29,356683,0,0,0,1,0,0,0,1,0
620,58,19,1,0,21,1040494,1,0,1,1,0,0,0,0,0
621,27,3,7,2,50,662805,1,1,0,0,0,0,1,0,0
622,33,20,8,9,44,378973,0,0,0,0,1,0,0,1,0
623,29,2,8,0,23,316117,1,0,0,0,0,1,0,0,1
624,47,7,9,10,30,412486,0,0,0,0,0,0,0,1,0
625,22,22,6,10,36,1043071,0,0,1,1,0,0,0,0,0
626,25,15,6,7,21,420391,1,0,0,0,0,1,0,0,1
627,49,12,2,0,25,143645,1,0,0,1,0,0,0,0,1
628,57,2,3,4,28,485238,1,0,0,1,0,0,0,0,0
629,58,8,4,3,24,731694,0,0,1,0,0,0,0,0,1
630,39,13,4,6,39,531273,1,1,0,0,0,0,1,1,0
631,28,12,8,4,48,485786,0,0,0,0,1,0,0,0,0
632,21,6,1,7,40,648693,1,1,0,0,0,0,1,0,0
633,42,14,10,10,28,1254447,1,0,1,0,0,1,0,0,0
634,37,6,4,0,47,935578,0,0,1,0,0,0,1,0,0
635,27,37,4,4,27,893908,0,0,1,0,0,1,0,0,1
636,45,33,1,3,50,1220202,0,0,1,0,0,1,0,0,0
637,24,21,3,2,39,747345,0,1,0,0,1,0,0,0,0
638,56,23,5,4,46,202576,0,0,0,0,0,0,0,0,1
639,26,36,6,9,27,1033377,0,0,1,0,1,0,0,0,0
640,51,0,9,2,40,639278,0,0,1,0,0,0,1,0,1
641,39,9,9,7,47,601308,0,1,0,0,0,1,0,0,1
642,59,15,9,2,42,704039,1,1,0,1,0,0,0,0,0
643,47,7,1,0,25,785940,0,0,1,1,0,0,0,1,0
644,30,24,9,8,22,679245,0,0,0,0,0,1,0,0,0
645,46,11,8,8,24,369597,1,0,0,0,1,0,0,1,0
646,39,24,2,5,28,742703,0,0,1,0,0,0,0,0,1
647,59,16,1,9,26,624092,1,1,0,0,1,0,0,1,0
648,23,25,1,0,23,1108651,1,0,1,0,0,1,0,0,0
649,33,13,6,7,58,1152198,0,0,1,0,0,1,0,0,0
650,48,35,9,1,24,564101,1,1,0,0,0,0,0,1,0
651,40,22,7,8,30,992807,0,0,1,0,0,0,1,0,0
652,48,5,5,7,34,836802,1,0,1,0,0,0,1,1,0
653,28,4,2,2,53,704864,1,0,1,0,0,0,0,0,1
654,59,24,1,4,32,522039,1,1,0,0,0,0,1,1,0
655,21,17,2,8,26,336927,0,0,0,1,0,0,0,1,0
656,23,12,1,0,59,319839,0,0,0,0,0,0,1,1,0
657,33,13,3,8,25,545549,1,1,0,0,0,0,1,1,0
658,48,27,6,3,58,183553,1,0,0,0,0,0,1,0,1
659,45,17,8,3,49,757680,0,0,1,1,0,0,0,0,1
660,53,27,3,3,41,249798,0,0,0,0,0,0,1,0,1
661,58,26,10,9,44,948147,1,0,1,1,0,0,0,1,0
662,26,31,9,8,47,244913,1,0,0,0,0,0,0,0,1
663,52,8,10,5,39,759958,0,1,0,0,1,0,0,0,0
664,41,39,5,10,58,245775,0,0,0,0,0,0,0,0,1
665,36,31,7,7,22,389097,0,0,0,0,1,0,0,1,0
666,41,19,8,3,24,547021,0,0,0,0,0,0,0,0,0
667,31,27,3,2,20,622743,0,1,0,0,1,0,0,1,0
668,57,32,2,0,34,572908,1,0,0,0,1,0,0,0,0
669,56,3,2,9,45,768119,0,1,0,0,0,1,0,1,0
670,55,33,5,6,22,932688,1,0,1,0,1,0,0,1,0
671,39,2,1,3,59,482710,0,0,0,0,1,0,0,0,0
672,40,25,2,7,60,638852,1,1,0,0,0,1,0,0,1
673,38,7,9,2,53,702986,0,1,0,0,0,0,1,0,0
674,34,5,7,0,24,459550,0,0,0,0,0,0,1,0,0
675,35,15,6,4,50,1175749,1,0,1,0,0,1,0,0,0
676,51,23,9,1,32,705747,1,1,0,1,0,0,0,0,0
677,21,38,7,2,20,563162,0,0,0,0,1,0,0,0,0
678,23,29,5,5,41,862908,0,0,1,0,1,0,0,1,0
679,36,12,9,2,34,749313,0,1,0,0,0,1,0,1,0
680,43,4,6,2,45,582683,0,1,0,0,0,1,0,0,1
681,31,24,6,5,37,664443,0,0,1,1,0,0,0,0,1
682,32,19,4,4,28,935579,1,0,1,0,0,0,1,0,0
683,30,17,1,9,20,256318,1,0,0,0,0,0,0,0,1
684,52,17,5,8,28,204845,0,0,0,0,0,0,1,0,1
685,36,1,9,0,42,663401,1,1,0,0,1,0,0,0,0
686,28,9,8,2,21,1026259,1,0,1,0,0,1,0,1,0
687,58,11,8,2,33,854232,1,0,1,1,0,0,0,1,0
688,32,12,5,10,57,724304,0,0,1,0,0,0,1,0,1
689,44,10,9,5,59,524507,1,1,0,1,0,0,0,1,0
690,48,18,3,7,37,888785,0,0,1,0,0,0,1,1,0
691,28,34,3,2,35,721391,1,0,1,0,1,0,0,0,1
692,48,38,1,2,48,722171,0,1,0,0,0,0,0,0,0
693,56,25,9,5,30,243230,1,0,0,1,0,0,0,0,1
694,46,13,6,7,25,170985,0,0,0,1,0,0,0,0,1
695,28,23,2,5,22,451820,0,1,0,0,0,0,0,0,1
696,48,0,8,9,33,1046153,1,0,1,1,0,0,0,0,0
697,48,21,9,2,21,706248,0,1,0,1,0,0,0,0,0
698,57,22,9,3,51,475878,0,0,0,0,0,0,1,0,0
699,56,18,2,0,50,443949,0,0,0,0,0,0,1,0,0
700,47,17,2,7,30,457880,0,1,0,0,0,0,0,0,1
701,37,11,7,3,41,542381,0,1,0,0,1,0,0,1,0
702,29,27,4,5,22,208806,0,0,0,1,0,0,0,0,1
703,53,27,1,10,50,807650,0,1,0,0,1,0,0,0,0
704,40,32,8,2,52,424364,0,0,0,0,0,0,0,1,0
705,33,18,2,10,43,378958,1,1,0,0,0,0,0,0,1
706,48,27,3,10,20,588685,1,1,0,0,0,0,1,1,0
707,49,36,5,5,34,701697,0,1,0,1,0,0,0,0,0
708,33,25,3,10,56,588660,0,0,0,0,0,1,0,1,0
709,55,34,7,8,46,584493,1,1,0,0,0,0,0,1,0
710,26,33,7,8,57,521301,1,0,0,1,0,0,0,0,0
711,38,34,2,9,46,386199,1,0,0,0,1,0,0,1,0
712,25,39,7,2,31,424292,0,1,0,0,0,0,1,0,1
713,45,15,6,2,22,564988,1,1,0,0,1,0,0,1,0
714,22,37,10,3,49,211993,0,0,0,0,0,0,0,0,1
715,30,12,9,6,51,358002,0,0,0,0,0,0,0,1,0
716,50,22,9,2,42,875731,1,0,1,0,1,0,0,1,0
717,25,21,2,9,21,469576,0,0,0,0,0,0,0,0,0
718,53,15,7,7,26,976571,0,0,1,1,0,0,0,0,0
719,21,27,5,10,53,776426,0,0,1,0,0,0,0,0,1
720,38,34,6,7,51,1044602,0,0,1,0,0,0,1,0,0
721,52,7,1,5,58,735681,1,1,0,1,0,0,0,0,0
722,31,21,7,3,51,871910,1,1,0,0,0,1,0,0,0
723,41,20,6,10,33,587201,0,0,0,0,0,0,0,0,0
724,46,25,4,10,22,1050827,0,0,1,0,0,0,0,0,0
725,45,39,1,4,51,467448,1,1,0,0,0,0,1,0,1
726,42,20,9,1,55,409072,0,1,0,0,0,0,1,0,1
727,47,24,4,5,36,798371,1,1,0,0,1,0,0,0,0
728,33,0,2,2,22,679041,0,1,0,0,1,0,0,0,0
729,53,5,8,5,29,439826,0,1,0,0,1,0,0,0,1
730,54,22,2,4,59,846549,1,0,1,0,0,0,1,1,0
731,55,22,5,1,37,749096,1,0,1,0,1,0,0,0,1
732,21,22,6,4,22,878578,1,0,1,0,1,0,0,1,0
733,41,31,8,4,58,1206890,1,0,1,0,0,1,0,0,0
734,26,29,1,8,29,536552,0,0,0,0,1,0,0,0,0
735,48,12,1,10,28,716167,1,0,1,0,0,0,0,0,1
736,37,17,4,7,30,701087,0,1,0,0,0,0,1,0,0
737,25,22,5,6,52,862292,1,0,1,1,0,0,0,1,0
738,51,14,9,2,55,583114,1,0,0,0,0,1,0,1,0
739,25,32,7,9,45,444419,0,1,0,0,0,0,1,0,1
740,58,20,7,3,46,858139,1,0,1,0,0,0,1,1,0
741,23,38,8,5,57,773753,1,0,1,0,0,0,0,0,1
742,43,22,5,2,41,697707,1,0,1,0,1,0,0,0,1
743,57,26,5,10,45,574140,1,1,0,0,0,0,0,1,0
744,57,17,1,8,41,564593,0,1,0,0,1,0,0,1,0
745,30,23,9,7,24,430536,0,0,0,0,1,0,0,1,0
746,30,39,6,5,54,592543,1,1,0,0,0,0,1,1,0
747,39,6,9,3,21,618122,1,1,0,0,1,0,0,1,0
748,37,19,3,6,54,990330,1,0,1,0,0,1,0,1,0
749,41,26,5,10,28,745608,0,1,0,0,0,1,0,1,0
750,34,5,2,2,37,1143787,0,0,1,0,0,1,0,0,0
751,29,26,10,9,31,760047,0,0,1,0,0,0,1,0,1
752,21,8,5,7,22,372427,0,1,0,0,0,0,0,0,1
753,33,30,8,0,37,393042,1,0,0,1,0,0,0,1,0
754,24,20,2,2,57,187395,1,0,0,0,1,0,0,0,1
755,21,25,8,10,26,612162,1,1,0,1,0,0,0,1,0
756,52,39,4,4,52,600502,0,0,0,0,0,0,0,0,0
757,54,12,10,4,25,696970,1,0,1,0,0,0,0,0,1
758,48,22,10,9,37,753218,0,0,1,0,0,0,1,0,1
759,51,19,1,1,41,905975,0,1,0,0,0,1,0,0,0
760,28,36,5,9,58,738362,1,0,0,0,0,1,0,0,0
761,59,27,1,7,28,520871,1,0,0,0,0,0,0,0,0
762,46,16,7,4,54,746482,1,0,1,0,0,0,1,0,1
763,54,27,8,6,42,473395,0,1,0,0,0,0,1,0,1
764,23,1,3,6,31,462766,0,0,0,0,1,0,0,0,0
765,32,24,3,4,43,850195,1,1,0,0,0,1,0,0,0
766,21,5,7,7,59,465815,1,0,0,0,0,0,0,0,0
767,25,10,4,8,28,1020804,0,0,1,1,0,0,0,0,0
768,50,37,3,3,32,1240746,1,0,1,0,0,1,0,0,0
769,50,5,8,3,59,569081,0,1,0,0,1,0,0,1,0
770,37,10,3,7,36,979537,0,0,1,0,0,0,1,0,0
771,43,13,7,0,26,381197,1,0,0,0,0,0,0,1,0
772,35,1,2,3,36,891857,1,0,1,0,0,1,0,0,1
773,57,39,1,5,43,472765,1,1,0,1,0,0,0,0,1
774,41,2,6,3,21,602449,1,1,0,0,1,0,0,1,0
775,34,34,8,5,54,733184,0,1,0,0,1,0,0,0,0
776,22,32,1,4,47,352279,0,0,0,0,0,1,0,0,1
777,31,23,10,8,38,501070,0,0,0,1,0,0,0,0,0
778,59,18,9,9,52,569030,1,0,0,0,1,0,0,0,0
779,58,17,3,8,40,400745,0,0,0,0,0,0,0,1,0
780,54,23,3,3,29,253967,1,0,0,0,1,0,0,0,1
781,58,34,4,3,28,726133,1,0,1,1,0,0,0,0,1
782,54,0,1,7,57,360731,1,0,0,0,0,0,1,1,0
783,38,35,9,9,25,534305,1,0,0,0,0,0,1,0,0
784,50,24,3,3,54,1189998,1,0,1,0,0,1,0,0,0
785,35,33,10,1,37,189738,1,0,0,1,0,0,0,0,1
786,47,24,4,1,38,620088,0,1,0,0,1,0,0,1,0
787,54,15,1,0,24,391764,1,0,0,0,1,0,0,1,0
788,58,33,4,4,44,530745,0,0,0,0,0,0,1,0,0
789,53,28,1,5,30,690557,0,1,0,0,0,0,1,0,0
790,44,18,5,8,29,600474,1,1,0,0,0,0,0,1,0
791,35,22,5,4,36,441738,1,1,0,0,0,0,1,0,1
792,50,18,7,5,55,746667,1,1,0,0,0,0,0,0,0
793,37,24,8,5,45,440228,0,0,0,0,1,0,0,1,0
794,25,15,4,2,50,572013,1,1,0,0,0,0,0,1,0
795,49,8,7,3,51,574074,0,1,0,0,0,0,0,1,0
796,24,0,4,0,40,835204,1,0,1,0,0,1,0,0,1
797,30,18,3,3,37,725597,1,1,0,0,0,0,1,0,0
798,37,32,6,0,37,764800,0,1,0,0,0,0,0,0,0
799,30,33,4,4,20,1020075,0,0,1,0,1,0,0,0,0
800,37,15,3,10,33,740763,1,0,1,1,0,0,0,0,1
801,40,39,9,10,27,597524,0,0,0,0,0,0,0,0,0
802,44,17,5,7,21,975569,0,0,1,0,0,0,1,0,0
803,25,33,7,7,34,678900,0,0,0,0,0,1,0,0,0
804,54,24,6,4,53,1033146,0,0,1,0,1,0,0,0,0
805,26,5,10,9,55,832346,0,0,1,0,0,1,0,0,1
806,22,20,5,1,20,320352,1,0,0,1,0,0,0,1,0
807,33,5,7,5,40,818194,1,0,1,0,0,0,0,1,0
808,31,31,6,0,20,486240,0,0,0,0,0,0,0,0,0
809,43,38,10,6,51,1042438,1,0,1,0,0,0,1,0,0
810,36,30,2,10,39,720996,1,1,0,0,0,0,0,0,0
811,51,9,3,3,55,738374,0,0,1,0,1,0,0,0,1
812,31,29,2,4,58,553161,1,0,0,1,0,0,0,0,0
813,36,17,3,5,49,887182,0,0,1,0,0,1,0,0,1
814,28,23,1,10,26,503700,0,0,0,1,0,0,0,0,0
815,24,8,8,0,41,449970,1,0,0,0,0,0,0,0,0
816,24,30,6,8,29,710895,0,1,0,0,0,1,0,1,0
817,45,14,2,9,27,690071,0,1,0,0,0,0,1,0,0
818,23,3,8,3,46,169768,0,0,0,1,0,0,0,0,1
819,52,39,6,7,29,1060758,0,0,1,0,0,1,0,1,0
820,23,8,7,4,33,394890,0,0,0,0,0,1,0,0,1
821,47,8,1,10,30,582177,1,0,0,0,0,1,0,1,0
822,49,25,7,7,25,773800,1,0,1,0,1,0,0,0,1
823,52,3,3,0,40,839415,0,0,1,1,0,0,0,1,0
824,39,16,8,7,52,853444,0,0,1,0,0,1,0,0,1
825,41,15,6,10,38,745647,1,0,1,1,0,0,0,0,1
826,25,14,4,10,58,705064,0,0,0,0,0,1,0,0,0
827,38,34,8,3,43,385535,1,0,0,0,0,0,1,1,0
828,48,4,9,1,37,483760,0,1,0,0,0,0,1,1,0
829,42,4,10,10,54,489884,0,0,0,0,0,0,1,0,0
830,41,19,2,5,56,750977,0,0,1,0,0,0,0,0,1
831,26,14,6,1,38,533022,0,1,0,0,0,1,0,0,1
832,21,17,5,4,43,848004,0,0,1,0,0,0,0,1,0
833,25,1,5,1,53,147630,0,0,0,1,0,0,0,0,1
834,32,28,10,2,41,568881,0,1,0,0,0,0,0,1,0
835,46,12,3,10,23,877399,1,0,1,1,0,0,0,1,0
836,54,3,8,5,29,390951,1,1,0,1,0,0,0,0,1
837,34,9,8,0,21,379913,1,1,0,1,0,0,0,0,1
838,46,30,5,5,27,283057,0,0,0,0,0,0,0,0,1
839,47,7,8,2,52,1186778,0,0,1,0,0,1,0,0,0
840,29,2,10,6,57,524639,0,1,0,0,0,0,0,1,0
841,46,8,8,1,47,556621,0,1,0,0,0,1,0,0,1
842,42,29,3,5,29,1248485,0,0,1,0,0,1,0,0,0
843,50,10,2,7,20,368079,0,1,0,1,0,0,0,0,1
844,37,34,9,0,53,537895,0,1,0,0,0,0,0,1,0
845,46,36,2,10,22,972515,1,1,0,0,0,1,0,0,0
846,56,12,9,10,28,879142,0,0,1,0,0,0,1,1,0
847,21,35,4,8,24,863052,1,0,1,0,0,1,0,0,1
848,28,12,2,4,29,709930,1,0,1,0,0,0,1,0,1
849,55,11,10,4,31,727321,0,0,1,0,0,0,0,0,1
850,35,36,1,4,37,575812,0,0,0,0,0,0,0,0,0
851,42,9,4,5,40,687130,1,1,0,0,0,0,0,0,0
852,34,8,9,1,40,1182063,1,0,1,0,0,1,0,0,0
853,46,6,9,5,20,695247,0,1,0,0,1,0,0,0,0
854,48,1,4,10,22,550103,0,1,0,0,0,1,0,0,1
855,43,22,9,3,24,393564,1,0,0,0,0,1,0,0,1
856,34,38,6,7,44,689527,0,0,1,1,0,0,0,0,1
857,44,39,1,10,27,1056021,0,0,1,1,0,0,0,0,0
858,22,38,10,8,36,936458,0,1,0,0,0,1,0,0,0
859,46,20,6,8,28,672849,1,0,1,0,0,0,1,0,1
860,34,22,9,7,51,466836,1,1,0,1,0,0,0,0,1
861,27,28,2,2,25,917316,1,1,0,0,0,1,0,0,0
862,23,13,6,9,59,376814,0,0,0,0,1,0,0,1,0
863,43,25,2,10,40,215224,0,0,0,0,0,0,1,0,1
864,38,4,4,10,26,250676,1,0,0,0,0,0,0,0,1
865,58,30,8,3,26,590230,1,1,0,0,0,1,0,0,1
866,55,24,7,0,58,1242229,1,0,1,0,0,1,0,0,0
867,35,30,9,8,46,249495,0,0,0,0,0,0,1,0,1
868,45,19,7,4,27,707230,1,0,1,1,0,0,0,0,1
869,57,16,1,5,28,248203,1,0,0,1,0,0,0,0,1
870,48,1,2,2,47,216437,0,0,0,1,0,0,0,0,1
871,30,24,6,10,34,386323,0,1,0,0,0,0,0,0,1
872,59,12,7,9,21,323445,0,0,0,0,0,0,1,1,0
873,37,38,3,7,26,408945,1,0,0,0,0,0,1,1,0
874,59,27,9,6,37,410463,0,1,0,1,0,0,0,0,1
875,42,5,7,0,41,679011,0,0,1,1,0,0,0,0,1
876,46,2,6,9,29,198437,1,0,0,0,1,0,0,0,1
877,45,34,6,4,52,431855,0,1,0,0,1,0,0,0,1
878,37,17,1,9,26,718447,1,0,0,0,0,1,0,0,0
879,33,10,5,8,22,837847,1,1,0,0,0,1,0,0,0
880,40,19,10,10,33,976736,0,0,1,0,0,0,1,0,0
881,45,4,3,5,55,838897,0,0,1,0,0,0,1,1,0
882,24,18,7,7,32,374487,0,1,0,0,0,0,0,0,1
883,30,21,10,9,35,760884,0,1,0,0,0,0,0,0,0
884,23,18,3,0,35,413423,0,1,0,0,1,0,0,0,1
885,38,15,5,9,24,855655,0,0,1,0,0,1,0,0,1
886,56,23,7,10,44,390755,1,0,0,0,1,0,0,1,0
887,42,3,3,6,57,817479,1,0,1,0,1,0,0,1,0
888,54,14,10,2,57,867305,0,1,0,0,0,1,0,0,0
889,28,24,2,8,57,741543,1,1,0,0,0,0,0,0,0
890,39,34,6,5,58,1047094,0,0,1,0,0,1,0,1,0
891,57,13,8,4,60,554598,1,1,0,1,0,0,0,1,0
892,26,18,4,7,45,736566,1,0,1,1,0,0,0,0,1
893,46,37,9,7,32,439270,1,1,0,1,0,0,0,0,1
894,54,35,8,2,45,493234,0,0,0,0,0,0,1,0,0
895,26,6,7,1,20,498984,1,0,0,0,0,0,0,0,0
896,57,29,7,1,27,582105,0,1,0,0,0,0,0,1,0
897,53,18,3,4,23,1030932,1,0,1,0,0,0,1,0,0
898,42,24,6,9,40,267619,1,0,0,0,1,0,0,0,1
899,41,15,5,6,41,834381,1,0,1,1,0,0,0,1,0
900,26,39,1,7,56,435901,1,1,0,1,0,0,0,0,1
901,26,7,3,9,22,845677,1,0,1,0,1,0,0,1,0
902,24,17,1,7,38,507622,0,0,0,0,0,1,0,1,0
903,50,27,4,7,20,899797,0,0,1,0,0,1,0,0,1
904,31,15,10,9,48,1012180,1,0,1,0,0,0,0,0,0
905,50,18,3,10,42,751452,1,1,0,0,0,0,1,0,0
906,51,16,4,2,52,715044,1,1,0,0,0,0,0,0,0
907,44,12,9,10,60,951775,1,1,0,0,0,1,0,0,0
908,29,6,3,1,42,186084,0,0,0,0,1,0,0,0,1
909,23,26,6,3,24,342189,1,0,0,0,0,0,0,1,0
910,51,9,6,0,26,355010,0,1,0,1,0,0,0,0,1
911,57,33,7,2,25,782002,1,1,0,1,0,0,0,0,0
912,56,35,9,10,41,573652,0,0,0,0,1,0,0,0,0
913,44,24,7,8,32,447738,1,0,0,0,0,1,0,0,1
914,51,5,1,6,31,319945,1,0,0,1,0,0,0,1,0
915,26,23,8,6,23,236188,0,0,0,1,0,0,0,0,1
916,22,17,5,0,27,383653,1,1,0,0,0,0,1,0,1
917,40,22,9,6,56,185195,1,0,0,0,0,0,0,0,1
918,48,5,10,9,50,757449,1,1,0,0,0,1,0,1,0
919,31,28,5,6,56,701433,0,0,1,0,0,0,0,0,1
920,24,24,5,3,45,829305,1,0,1,0,0,1,0,0,1
921,35,16,2,6,27,504860,1,0,0,1,0,0,0,0,0
922,26,23,3,7,59,716113,0,0,1,0,0,0,1,0,1
923,50,10,10,2,52,1014648,0,0,1,0,0,0,0,0,0
924,58,25,9,9,48,1068590,0,0,1,1,0,0,0,0,0
925,22,33,7,1,24,730421,1,0,0,0,0,1,0,0,0
926,35,27,1,6,47,362613,1,0,0,0,0,0,0,1,0
927,31,2,3,4,59,969642,1,0,1,0,0,0,0,0,0
928,28,10,2,4,36,357062,0,1,0,1,0,0,0,0,1
929,46,37,1,4,42,762133,1,0,1,0,0,0,0,0,1
930,25,13,9,6,28,477104,1,0,0,0,0,0,1,0,0
931,26,25,8,8,21,465178,0,0,0,0,0,0,1,0,0
932,46,20,5,10,51,213121,0,0,0,1,0,0,0,0,1
933,24,38,2,7,50,1199503,0,0,1,0,0,1,0,0,0
934,39,29,1,5,26,601440,0,1,0,1,0,0,0,1,0
935,40,7,7,6,49,508779,0,0,0,0,0,0,1,0,0
936,53,19,2,8,22,370994,1,0,0,0,1,0,0,1,0
937,40,31,1,10,28,907685,0,0,1,0,1,0,0,1,0
938,32,21,2,5,29,517178,1,1,0,0,0,0,0,1,0
939,21,6,7,0,45,956632,1,0,1,0,0,0,0,0,0
940,46,8,7,3,20,372235,0,0,0,0,1,0,0,1,0
941,34,0,10,7,49,481648,0,1,0,0,0,0,1,1,0
942,58,28,6,6,57,786213,0,1,0,0,0,0,0,0,0
943,57,7,5,2,34,386801,1,0,0,1,0,0,0,1,0
944,31,3,3,9,44,701417,0,1,0,1,0,0,0,0,0
945,56,34,3,2,25,390489,0,1,0,0,0,0,1,0,1
946,33,2,9,10,37,886281,0,0,1,0,0,0,0,1,0
947,23,39,4,2,20,466318,0,0,0,1,0,0,0,0,0
948,53,6,9,0,22,188149,0,0,0,0,0,0,0,0,1
949,26,26,4,9,36,352312,1,0,0,0,0,0,0,1,0
950,30,0,2,0,27,286124,1,0,0,1,0,0,0,1,0
951,25,26,4,5,59,483316,1,0,0,0,1,0,0,0,0
952,43,15,6,0,36,413490,0,1,0,1,0,0,0,0,1
953,30,37,6,4,44,1024546,0,0,1,0,0,0,1,0,0
954,22,6,5,3,60,523643,0,0,0,0,0,1,0,1,0
955,33,22,1,4,31,864610,1,0,1,1,0,0,0,1,0
956,22,10,3,6,48,872724,0,0,1,0,0,0,0,1,0
957,40,32,5,5,44,635504,0,1,0,0,0,0,0,1,0
958,21,35,6,8,55,238542,0,0,0,1,0,0,0,0,1
959,57,36,1,5,44,596102,1,1,0,0,0,1,0,0,1
960,29,16,9,8,48,491957,0,0,0,1,0,0,0,0,0
961,37,34,3,3,30,860872,1,1,0,0,0,1,0,0,0
962,29,4,10,0,23,1150094,0,0,1,0,0,1,0,0,0
963,31,31,3,0,33,336219,1,0,0,0,0,0,1,1,0
964,35,2,2,9,57,1017885,1,0,1,0,0,0,0,0,0
965,44,34,8,6,36,723693,1,0,1,0,0,0,0,0,1
966,58,13,3,2,21,884978,0,1,0,0,0,1,0,0,0
967,55,30,6,1,27,588163,0,0,0,0,0,0,0,0,0
968,50,30,2,5,55,752677,1,0,1,0,1,0,0,0,1
969,51,16,7,5,29,609012,1,1,0,0,0,1,0,0,1
970,25,23,4,6,26,321260,0,0,0,0,0,0,0,1,0
971,34,22,9,4,55,203584,0,0,0,0,1,0,0,0,1
972,31,17,10,7,35,654606,1,0,1,0,0,0,1,0,1
973,29,13,9,6,33,473169,0,0,0,0,0,0,0,0,0
974,54,14,7,1,35,712223,0,0,1,0,1,0,0,0,1
975,32,14,8,0,44,344666,0,0,0,1,0,0,0,1,0
976,55,5,3,8,60,693206,0,1,0,1,0,0,0,0,0
977,55,26,5,4,23,929019,1,0,1,0,1,0,0,1,0
978,21,14,2,10,48,882585,0,0,1,0,0,1,0,0,1
979,42,35,10,4,25,548982,0,0,0,0,0,1,0,1,0
980,49,7,7,9,20,385869,1,0,0,0,0,0,0,1,0
981,28,14,8,3,58,673143,1,0,1,1,0,0,0,0,1
982,31,2,9,1,20,324240,0,0,0,0,0,1,0,0,1
983,57,12,7,4,59,856015,0,1,0,0,0,1,0,0,0
984,34,33,10,1,22,553664,0,0,0,1,0,0,0,0,0
985,50,23,10,6,20,740523,0,1,0,0,0,0,1,0,0
986,55,39,8,10,20,656000,1,1,0,0,0,1,0,0,1
987,41,31,9,8,58,638425,1,1,0,0,1,0,0,1,0
988,57,31,6,8,40,655479,1,1,0,0,0,0,0,1,0
989,25,29,10,10,49,959855,0,1,0,0,0,1,0,0,0
990,39,12,2,5,51,701596,0,0,0,0,0,1,0,0,0
991,34,0,2,0,52,385973,0,1,0,0,0,0,1,0,1
992,46,33,4,5,41,413131,0,0,0,0,1,0,0,1,0
993,24,14,9,4,49,726190,1,1,0,0,0,0,0,0,0
994,45,13,7,3,23,896152,1,0,1,0,0,1,0,0,1
995,45,28,2,5,42,732087,0,1,0,0,0,0,0,0,0
996,38,33,8,5,44,763289,1,0,1,1,0,0,0,0,1
997,28,17,7,5,31,732409,0,1,0,0,0,1,0,1,0
998,59,6,9,1,36,545565,0,1,0,0,0,1,0,0,1
999,34,28,8,6,34,702597,1,1,0,1,0,0,0,0,0
1000,52,30,3,3,29,1060304,0,0,1,0,0,0,1,0,0
1001,58,24,1,8,54,1080623,0,0,1,0,0,1,0,1,0
1002,53,37,2,9,48,573932,1,1,0,0,0,0,0,1,0
1003,43,13,2,1,31,538800,0,0,0,0,1,0,0,0,0
1004,35,7,4,4,20,706214,0,1,0,0,0,0,0,0,0
1005,53,26,6,3,20,1059837,1,0,1,0,0,0,1,0,0
1006,45,1,4,8,29,572814,0,1,0,0,1,0,0,1,0
1007,37,16,9,3,37,1004965,1,0,1,0,0,0,0,0,0
1008,53,36,4,7,21,958449,0,0,1,0,0,0,0,1,0
1009,22,13,6,7,27,1023768,1,0,1,1,0,0,0,0,0
1010,34,24,6,5,41,419957,1,1,0,0,0,0,1,0,1
1011,59,29,10,5,41,746215,1,0,1,1,0,0,0,0,1
1012,26,28,10,10,45,1066450,0,0,1,0,1,0,0,0,0
1013,26,19,1,7,45,428562,1,1,0,1,0,0,0,0,1
1014,23,20,8,9,28,862902,1,0,1,0,0,0,1,1,0
1015,27,21,3,8,40,561817,1,1,0,0,0,1,0,0,1
1016,28,34,6,4,50,914753,1,0,1,0,0,1,0,0,1
1017,35,36,3,10,25,405242,1,0,0,0,1,0,0,1,0
1018,49,15,2,0,33,321429,0,0,0,0,0,1,0,0,1
1019,53,16,5,0,52,751806,0,0,1,1,0,0,0,0,1
1020,50,15,1,1,26,571224,0,0,0,0,1,0,0,0,0
1021,59,1,9,9,43,524080,0,1,0,0,0,0,1,1,0
1022,47,3,7,9,28,433467,0,0,0,0,1,0,0,1,0
1023,56,20,3,4,30,1019742,0,0,1,0,1,0,0,0,0
1024,49,38,4,3,42,1015833,0,0,1,0,0,0,0,0,0
1025,58,33,6,0,21,490921,1,1,0,0,0,0,0,0,1
1026,53,29,3,3,34,777847,0,0,1,0,1,0,0,0,1
1027,57,5,7,3,54,606655,1,1,0,0,0,1,0,0,1
1028,47,16,6,9,55,574791,1,0,0,0,0,0,0,0,0
1029,53,38,9,3,47,432508,0,0,0,0,0,0,1,1,0
1030,24,24,5,0,58,348527,1,1,0,1,0,0,0,0,1
1031,42,4,4,8,23,713139,1,1,0,0,0,0,0,0,0
1032,22,4,3,2,29,883410,1,0,1,0,1,0,0,1,0
1033,30,19,10,3,25,702085,1,0,0,0,0,1,0,0,0
1034,25,15,1,4,49,367557,0,1,0,1,0,0,0,0,1
1035,30,36,3,6,54,550439,0,0,0,0,0,0,0,0,0
1036,53,39,3,5,29,921761,0,1,0,0,0,1,0,0,0
1037,58,8,7,4,51,711912,0,0,0,0,0,1,0,0,0
1038,33,4,7,7,22,1119042,0,0,1,0,0,1,0,0,0
1039,51,1,1,0,45,322269,0,0,0,0,1,0,0,1,0
1040,56,8,3,6,34,214113,0,0,0,0,0,0,1,0,1
1041,44,35,8,5,36,600418,0,0,0,0,0,1,0,1,0
1042,35,21,9,10,46,501949,0,0,0,1,0,0,0,0,0
1043,49,21,7,4,37,520153,0,0,0,0,0,0,0,0,0
1044,28,21,7,6,38,685359,1,0,1,1,0,0,0,0,1
1045,25,33,8,2,31,400076,0,1,0,0,1,0,0,0,1
1046,49,28,6,0,43,393874,1,0,0,0,1,0,0,1,0
1047,24,37,3,8,24,901699,1,0,1,1,0,0,0,1,0
1048,32,32,1,1,43,176345,1,0,0,0,0,0,1,0,1
1049,22,17,7,9,46,404280,1,0,0,0,1,0,0,1,0
1050,47,6,1,2,49,728428,0,1,0,0,1,0,0,0,0
1051,51,0,1,7,34,531648,1,0,0,1,0,0,0,0,0
1052,56,32,9,9,57,748321,0,0,1,0,1,0,0,0,1
1053,56,0,10,8,53,810776,0,0,1,0,0,0,1,1,0
1054,46,23,7,2,46,671619,1,1,0,0,0,0,1,0,0
1055,47,3,4,5,39,160069,0,0,0,0,0,0,1,0,1
1056,25,3,6,6,60,823096,1,0,1,0,0,0,0,1,0
1057,40,17,1,0,51,475467,1,0,0,0,0,0,1,0,0
1058,31,26,7,6,23,340063,0,0,0,0,0,0,1,1,0
1059,30,31,6,3,24,421217,0,0,0,0,0,0,0,1,0
1060,58,32,4,4,27,743340,1,1,0,0,0,1,0,1,0
1061,26,27,7,7,41,272223,0,0,0,0,1,0,0,0,1
1062,28,35,3,3,26,1005930,0,0,1,0,0,0,1,0,0
1063,43,5,1,3,41,163168,0,0,0,0,1,0,0,0,1
1064,46,15,4,7,49,1043380,1,0,1,1,0,0,0,0,0
1065,32,33,3,4,56,502695,1,0,0,0,1,0,0,0,0
1066,46,22,1,5,35,753097,0,0,1,0,0,0,0,0,1
1067,33,23,2,10,34,754495,0,0,1,0,1,0,0,0,1
1068,38,12,5,4,24,560834,0,0,0,0,1,0,0,0,0
1069,45,17,8,0,22,519750,0,0,0,0,1,0,0,0,0
1070,53,12,1,6,42,1152076,0,0,1,0,0,1,0,0,0
1071,32,36,4,5,29,719376,1,1,0,0,0,1,0,1,0
1072,56,38,4,1,24,544839,0,0,0,1,0,0,0,0,0
1073,24,16,5,10,42,427723,1,1,0,0,0,0,0,0,1
1074,25,14,7,6,34,216442,0,0,0,0,1,0,0,0,1
1075,57,17,8,5,37,213892,1,0,0,0,1,0,0,0,1
1076,28,22,6,4,44,507106,0,0,0,0,1,0,0,0,0
1077,48,29,1,7,27,589345,1,0,0,0,1,0,0,0,0
1078,51,33,7,4,50,746309,0,1,0,0,0,1,0,1,0
1079,29,3,3,10,40,285193,1,0,0,1,0,0,0,1,0
1080,49,2,6,1,21,721473,1,0,1,0,0,0,1,0,1
1081,34,6,8,5,41,893769,1,0,1,0,0,0,0,1,0
1082,42,17,7,0,27,586321,1,1,0,0,1,0,0,1,0
1083,31,6,10,4,42,211159,1,0,0,1,0,0,0,0,1
1084,43,39,6,5,51,1058210,1,0,1,0,0,0,1,0,0
1085,21,5,9,6,27,490852,0,1,0,1,0,0,0,1,0
1086,57,21,9,1,23,706696,1,0,0,0,0,1,0,0,0
1087,41,0,1,0,49,669066,0,0,1,0,0,0,1,0,1
1088,46,3,1,5,38,637492,0,0,1,1,0,0,0,0,1
1089,56,28,1,2,42,754076,0,1,0,0,0,1,0,1,0
1090,43,20,8,4,37,189354,0,0,0,1,0,0,0,0,1
1091,21,25,10,10,48,176812,0,0,0,1,0,0,0,0,1
1092,35,13,7,1,42,672333,1,0,1,0,0,0,1,0,1
1093,41,8,3,0,52,958318,1,0,1,0,0,1,0,1,0
1094,29,11,2,0,37,894492,1,0,1,0,1,0,0,1,0
1095,29,5,4,10,52,365503,0,0,0,0,0,0,0,1,0
1096,30,19,3,3,26,355692,1,1,0,0,0,0,1,0,1
1097,46,23,7,9,47,955699,1,1,0,0,0,1,0,0,0
1098,55,26,10,1,20,278782,1,0,0,1,0,0,0,0,1
1099,45,37,8,0,58,748989,1,1,0,0,0,1,0,1,0
1100,46,7,6,5,53,998809,1,0,1,0,0,0,0,0,0
1101,31,0,3,3,58,649273,0,1,0,0,0,0,0,0,0
1102,58,23,6,9,38,624053,1,1,0,0,1,0,0,1,0
1103,22,6,2,6,50,677473,0,1,0,0,1,0,0,0,0
1104,27,18,7,10,32,1034410,0,0,1,0,0,0,0,0,0
1105,38,21,10,5,43,323179,0,0,0,0,0,0,1,1,0
1106,47,34,7,4,24,1071981,0,0,1,0,0,0,1,0,0
1107,54,29,4,9,42,542810,0,0,0,1,0,0,0,0,0
1108,47,28,8,1,38,436406,1,0,0,0,1,0,0,1,0
1109,37,21,4,4,20,514183,1,0,0,1,0,0,0,0,0
1110,44,10,7,8,52,717992,1,1,0,0,1,0,0,0,0
1111,45,19,4,8,52,709933,0,1,0,0,0,0,0,0,0
1112,27,28,5,1,51,513574,1,0,0,0,0,0,1,0,0
1113,26,33,7,6,47,338433,1,0,0,0,0,0,1,1,0
1114,44,0,10,9,56,411020,0,1,0,0,0,0,0,0,1
1115,53,30,3,3,60,707236,0,0,1,1,0,0,0,0,1
1116,49,29,10,2,31,542235,0,0,0,1,0,0,0,0,0
1117,42,17,5,10,28,1012270,0,0,1,0,0,1,0,1,0
1118,46,16,3,0,30,590285,1,1,0,0,1,0,0,1,0
1119,48,37,5,2,52,519771,0,0,0,1,0,0,0,0,0
1120,41,13,3,10,38,744891,0,0,1,0,0,0,0,0,1
1121,27,22,10,8,53,992439,1,0,1,1,0,0,0,0,0
1122,37,24,7,8,26,911826,1,0,1,0,0,0,1,1,0
1123,40,14,1,6,50,537101,0,1,0,0,1,0,0,1,0
1124,40,21,9,2,21,633276,1,1,0,0,0,1,0,0,1
1125,42,2,9,2,38,896319,0,0,1,0,1,0,0,1,0
1126,48,18,5,3,57,843917,0,0,1,0,0,0,1,1,0
1127,27,33,9,6,51,609845,1,1,0,0,0,0,1,1,0
1128,21,34,10,6,29,748459,1,0,1,0,0,0,1,0,1
1129,52,0,6,1,60,852562,0,0,1,0,0,0,1,1,0
1130,33,20,5,4,27,701196,0,1,0,0,0,0,0,0,0
1131,50,28,3,6,45,884569,0,0,1,0,0,1,0,0,1
1132,43,5,8,6,49,981387,1,0,1,0,0,0,1,0,0
1133,39,36,4,5,30,991893,0,0,1,0,0,0,1,0,0
1134,52,0,10,9,60,451971,0,1,0,1,0,0,0,0,1
1135,50,0,3,9,39,1183304,0,0,1,0,0,1,0,0,0
1136,49,26,6,7,39,448399,0,1,0,0,1,0,0,0,1
1137,49,20,8,2,28,871236,0,1,0,0,0,1,0,0,0
1138,50,15,9,0,27,428235,1,0,0,0,0,1,0,0,1
1139,36,39,6,2,34,593370,0,0,0,0,0,1,0,1,0
1140,39,25,5,10,53,920253,0,0,1,0,0,0,1,1,0
1141,38,15,2,1,43,672031,0,1,0,0,0,0,1,0,0
1142,21,27,2,1,52,374070,0,0,0,0,0,0,0,1,0
1143,34,0,9,1,60,746621,1,0,1,0,1,0,0,0,1
1144,22,35,2,4,60,464942,1,0,0,1,0,0,0,0,0
1145,48,9,2,0,59,516937,1,0,0,0,0,1,0,1,0
1146,50,16,3,9,46,612342,0,1,0,0,1,0,0,1,0
1147,58,22,3,3,40,779179,0,1,0,0,1,0,0,0,0
1148,24,6,4,9,24,328069,1,0,0,0,0,0,0,1,0
1149,21,6,7,4,54,344246,1,0,0,1,0,0,0,1,0
1150,28,14,9,1,40,853560,1,1,0,0,0,1,0,0,0
1151,49,33,2,4,23,887570,0,0,1,1,0,0,0,1,0
1152,59,3,4,9,35,565927,0,1,0,0,0,0,0,1,0
1153,23,13,9,3,50,334996,1,0,0,0,0,0,1,1,0
1154,52,13,2,7,45,906057,1,0,1,0,1,0,0,1,0
1155,30,15,10,0,54,690252,1,0,0,0,0,1,0,0,0
1156,30,6,1,4,25,685248,0,0,1,0,0,0,1,0,1
1157,39,31,10,10,52,280941,0,0,0,0,0,0,0,0,1
1158,54,18,8,9,40,887534,0,0,1,1,0,0,0,1,0
1159,53,1,9,0,35,845430,1,0,1,0,1,0,0,1,0
1160,43,9,7,9,58,439228,1,0,0,0,0,1,0,0,1
1161,48,16,8,9,53,909042,0,0,1,0,0,0,1,1,0
1162,52,36,4,3,34,385288,1,1,0,0,0,0,1,0,1
1163,27,11,4,7,25,563047,0,0,0,0,1,0,0,0,0
1164,49,5,2,0,21,706622,1,1,0,1,0,0,0,0,0
1165,28,21,8,10,43,542018,1,0,0,0,0,0,0,0,0
1166,21,31,2,1,47,971900,1,0,1,1,0,0,0,0,0
1167,23,19,9,0,20,936067,1,0,1,1,0,0,0,0,0
1168,44,0,4,10,20,994878,0,0,1,1,0,0,0,0,0
1169,43,5,1,6,47,214350,1,0,0,0,1,0,0,0,1
1170,28,18,4,1,55,512094,0,1,0,0,1,0,0,1,0
1171,57,17,3,0,39,374635,0,1,0,0,0,0,0,0,1
1172,23,5,6,5,27,501544,0,0,0,1,0,0,0,0,0
1173,53,32,7,5,20,420113,1,0,0,0,1,0,0,1,0
1174,48,22,8,9,45,607791,0,1,0,0,0,0,0,1,0
1175,28,22,2,1,44,652684,0,1,0,0,0,0,0,0,0
1176,54,25,6,0,29,761283,0,1,0,1,0,0,0,0,0
1177,55,12,6,9,31,928727,1,1,0,0,0,1,0,0,0
1178,52,6,10,2,60,535378,1,0,0,1,0,0,0,0,0
1179,44,14,5,9,26,705552,0,0,0,0,0,1,0,0,0
1180,34,26,10,4,31,988046,1,0,1,0,0,0,0,0,0
1181,52,25,10,5,59,574434,0,1,0,0,1,0,0,1,0
1182,36,32,7,2,36,1018556,0,0,1,0,0,0,1,0,0
1183,24,14,3,8,24,496806,1,0,0,0,0,0,0,0,0
1184,57,35,4,10,33,393854,0,0,0,0,1,0,0,1,0
1185,41,26,10,4,53,782352,1,0,1,0,0,0,0,0,1
1186,34,4,9,1,36,679046,1,1,0,1,0,0,0,0,0
1187,51,1,4,9,54,747564,0,1,0,0,0,1,0,1,0
1188,38,32,3,5,20,589184,1,1,0,0,0,0,0,1,0
1189,27,15,2,7,55,372463,1,1,0,0,1,0,0,0,1
1190,30,22,5,10,34,995424,0,0,1,1,0,0,0,0,0
1191,27,37,4,5,38,1040539,0,0,1,0,0,0,1,0,0
1192,53,15,8,3,24,468542,1,0,0,1,0,0,0,0,0
1193,43,13,7,5,38,782277,1,1,0,0,0,1,0,1,0
1194,41,28,6,7,58,688139,0,1,0,1,0,0,0,0,0
1195,39,25,2,7,24,667726,1,1,0,0,0,0,1,0,0
1196,39,34,3,9,31,1098298,1,0,1,0,1,0,0,0,0
1197,56,14,10,1,38,758652,1,1,0,0,0,0,0,0,0
1198,49,2,9,7,31,874108,1,0,1,0,0,1,0,0,1
1199,38,22,9,5,55,429647,1,1,0,0,0,0,1,0,1
1200,22,28,5,1,31,590617,1,1,0,0,0,1,0,0,1
1201,21,33,3,0,37,471315,1,0,0,1,0,0,0,0,0
1202,25,32,2,5,53,844802,0,1,0,0,0,1,0,0,0
1203,40,22,8,6,52,554230,0,1,0,0,0,0,1,1,0
1204,31,6,6,9,37,367372,0,0,0,0,0,0,0,1,0
1205,22,2,10,4,48,836020,0,0,1,0,0,0,0,1,0
1206,23,31,7,9,24,1238949,0,0,1,0,0,1,0,0,0
1207,43,30,1,7,44,423465,1,1,0,0,1,0,0,0,1
1208,32,17,1,10,43,842494,1,0,1,0,0,1,0,0,1
1209,40,6,10,8,48,361531,1,1,0,1,0,0,0,0,1
1210,25,0,2,3,57,422343,1,0,0,0,0,0,0,0,0
1211,57,13,10,6,52,248566,0,0,0,0,0,0,0,0,1
1212,58,31,3,7,29,655520,1,1,0,0,0,0,0,1,0
1213,50,5,1,5,56,325729,1,0,0,0,1,0,0,1,0
1214,29,38,5,1,52,288311,0,0,0,0,1,0,0,0,1
1215,54,9,3,6,42,588802,1,1,0,0,0,0,1,1,0
1216,55,6,1,8,30,617124,1,1,0,0,0,1,0,0,1
1217,42,25,8,4,43,441204,0,0,0,0,0,1,0,0,1
1218,44,33,6,1,43,868289,1,0,1,1,0,0,0,1,0
1219,37,29,9,3,26,876569,1,0,1,0,0,0,0,1,0
1220,30,35,3,2,40,626902,1,1,0,0,1,0,0,1,0
1221,50,20,9,3,39,531524,1,1,0,1,0,0,0,1,0
1222,43,16,9,9,29,765074,1,0,1,1,0,0,0,0,1
1223,52,32,1,6,44,451762,0,0,0,0,1,0,0,1,0
1224,37,9,3,9,55,1041603,0,0,1,0,0,1,0,1,0
1225,37,11,6,7,34,969603,0,0,1,0,0,0,0,0,0
1226,34,15,8,0,59,1026081,0,0,1,0,0,1,0,1,0
1227,29,31,4,7,59,903438,0,0,1,1,0,0,0,1,0
1228,22,14,5,4,25,394203,0,1,0,0,0,0,0,0,1
1229,45,26,9,6,56,390090,1,1,0,0,0,0,1,0,1
1230,59,27,6,10,21,522415,0,0,0,1,0,0,0,0,0
1231,29,16,7,10,31,533477,0,0,0,0,0,1,0,1,0
1232,42,1,7,0,23,509487,1,0,0,0,0,1,0,1,0
1233,24,35,4,1,42,582242,1,0,0,0,0,1,0,1,0
1234,46,6,4,0,32,861238,0,0,1,0,1,0,0,1,0
1235,49,12,4,4,36,589047,1,1,0,1,0,0,0,1,0
1236,54,14,5,5,50,540029,0,1,0,0,0,0,0,1,0
1237,43,24,5,9,35,757367,1,0,0,0,0,1,0,0,0
1238,57,22,8,8,60,614067,0,0,0,0,0,1,0,1,0
1239,31,21,9,7,45,900020,1,0,1,0,1,0,0,1,0
1240,26,25,2,6,47,880553,1,0,1,0,0,0,0,1,0
1241,38,32,7,4,20,528464,0,0,0,1,0,0,0,0,0
1242,41,10,1,2,31,490961,0,1,0,0,0,0,1,1,0
1243,56,9,1,8,56,717335,0,1,0,0,1,0,0,0,0
1244,58,24,4,4,39,406725,0,1,0,1,0,0,0,0,1
1245,54,36,10,2,21,364357,0,0,0,0,0,0,1,1,0
1246,37,37,7,2,55,858744,1,1,0,0,0,1,0,0,0
1247,57,23,2,2,34,914452,0,0,1,0,0,1,0,0,1
1248,45,39,2,5,57,1045561,0,0,1,0,0,0,0,0,0
1249,58,32,1,0,41,469490,1,0,0,0,0,0,1,0,0
1250,32,16,10,10,51,928219,1,0,1,0,0,1,0,0,1
1251,43,23,2,3,39,491339,0,0,0,0,0,1,0,1,0
1252,42,36,7,7,55,580992,1,1,0,0,0,0,0,1,0
1253,41,1,9,2,52,676438,1,1,0,1,0,0,0,0,0
1254,47,31,6,4,34,618749,0,1,0,0,0,1,0,0,1
1255,51,23,10,1,22,898235,1,0,1,0,1,0,0,1,0
1256,26,8,2,1,48,490734,1,0,0,0,1,0,0,0,0
1257,47,3,10,10,46,413580,0,1,0,1,0,0,0,0,1
1258,54,16,10,6,24,545460,0,0,0,0,0,0,1,0,0
1259,32,16,9,9,50,457457,1,1,0,0,0,0,0,0,1
1260,27,29,7,2,41,859760,1,0,1,0,1,0,0,1,0
1261,30,39,1,4,54,907107,0,0,1,0,1,0,0,1,0
1262,37,10,9,2,26,502852,1,0,0,1,0,0,0,0,0
1263,46,20,2,5,25,828380,1,0,1,0,0,0,1,1,0
1264,41,20,4,9,45,895347,1,0,1,0,0,0,1,1,0
1265,48,17,9,2,20,233757,0,0,0,1,0,0,0,0,1
1266,22,28,4,7,38,579191,1,1,0,0,1,0,0,1,0
1267,21,23,3,1,26,644430,1,0,1,0,0,0,0,0,1
1268,56,9,1,2,55,176853,0,0,0,0,1,0,0,0,1
1269,46,16,7,7,31,967832,1,0,1,0,0,0,1,0,0
1270,49,17,6,7,39,752054,1,0,1,0,1,0,0,0,1
1271,41,19,10,0,42,902987,0,0,1,0,0,0,0,1,0
1272,31,36,4,7,44,913017,0,0,1,0,0,1,0,0,1
1273,31,17,6,9,49,247798,0,0,0,0,1,0,0,0,1
1274,56,16,6,1,48,511389,0,0,0,1,0,0,0,0,0
1275,59,8,4,6,50,565306,1,0,0,0,0,1,0,1,0
1276,55,13,6,5,37,842025,1,0,1,1,0,0,0,1,0
1277,54,28,10,1,60,916092,0,0,1,1,0,0,0,1,0
1278,44,30,8,4,38,762630,0,0,1,1,0,0,0,0,1
1279,42,3,3,6,23,388971,1,0,0,0,1,0,0,1,0
1280,25,17,4,7,20,852711,0,0,1,0,0,0,1,1,0
1281,53,19,10,2,60,583780,1,1,0,0,0,1,0,0,1
1282,56,8,1,0,34,956240,0,0,1,0,0,0,0,0,0
1283,40,12,4,6,27,704092,1,1,0,0,0,0,1,0,0
1284,39,14,10,4,34,756541,0,0,1,0,1,0,0,0,1
1285,55,26,10,4,34,553851,0,0,0,1,0,0,0,0,0
1286,37,14,9,6,58,975544,1,0,1,0,0,0,0,0,0
1287,54,27,8,0,41,913481,0,1,0,0,0,1,0,0,0
1288,29,36,4,7,37,534332,1,1,0,0,0,0,1,1,0
1289,46,18,7,9,35,995836,1,0,1,0,0,0,1,0,0
1290,22,25,10,4,21,530888,1,1,0,0,0,0,0,1,0
1291,29,25,3,7,55,690194,1,1,0,0,1,0,0,0,0
1292,29,24,9,9,39,591677,1,0,0,0,0,1,0,1,0
1293,37,25,10,9,35,784702,0,0,1,0,0,0,0,0,1
1294,21,25,4,4,22,692794,0,0,1,1,0,0,0,0,1
1295,45,27,2,6,49,1191269,1,0,1,0,0,1,0,0,0
1296,45,17,10,9,21,561920,0,1,0,0,0,0,1,1,0
1297,59,31,5,2,54,734355,1,0,1,0,0,0,0,0,1
1298,55,2,2,1,45,621460,0,0,1,0,0,0,1,0,1
1299,23,1,10,5,24,162146,0,0,0,0,0,0,1,0,1
1300,57,32,6,4,21,225252,0,0,0,0,0,0,1,0,1
1301,50,18,10,8,39,525835,0,0,0,0,1,0,0,0,0
1302,58,16,1,9,53,526910,1,1,0,0,0,0,1,1,0
1303,54,32,6,3,53,770757,1,0,1,1,0,0,0,0,1
1304,32,11,4,10,39,542649,0,0,0,1,0,0,0,0,0
1305,39,2,3,2,44,395889,0,0,0,0,0,1,0,0,1
1306,57,25,2,8,39,185963,1,0,0,0,0,0,1,0,1
1307,37,34,7,7,44,691336,0,0,1,0,0,0,1,0,1
1308,30,7,9,5,33,675034,1,0,1,0,0,0,0,0,1
1309,32,35,3,0,58,987869,1,0,1,0,1,0,0,0,0
1310,36,6,6,9,31,704381,1,1,0,0,0,1,0,1,0
1311,44,35,9,10,24,784594,0,1,0,0,0,0,1,0,0
1312,39,15,2,0,21,528405,1,0,0,0,0,0,0,0,0
1313,28,23,7,5,35,1085686,0,0,1,0,1,0,0,0,0
1314,51,0,5,2,49,408490,1,0,0,0,0,1,0,0,1
1315,41,24,5,2,57,1013407,0,0,1,0,0,1,0,1,0
1316,37,9,7,5,43,697052,0,0,1,0,0,0,1,0,1
1317,43,15,9,2,49,1170439,0,0,1,0,0,1,0,0,0
1318,57,15,4,10,56,484803,1,1,0,0,0,0,0,0,1
1319,36,7,9,9,58,754076,1,1,0,0,0,1,0,1,0
1320,26,28,10,5,30,906652,0,0,1,1,0,0,0,1,0
1321,28,38,9,4,33,216170,0,0,0,0,0,0,0,0,1
1322,45,27,4,3,42,1069408,0,0,1,0,1,0,0,0,0
1323,38,5,3,7,35,689869,1,0,1,0,1,0,0,0,1
1324,45,15,2,1,40,502598,1,0,0,0,0,0,1,0,0
1325,32,19,9,10,23,858044,1,0,1,0,0,0,1,1,0
1326,35,15,2,6,52,150400,1,0,0,1,0,0,0,0,1
1327,46,6,6,3,33,561733,0,1,0,0,1,0,0,1,0
1328,46,13,5,1,38,760736,0,1,0,0,1,0,0,0,0
1329,52,25,5,6,24,513089,1,0,0,0,1,0,0,0,0
1330,30,25,4,0,55,430544,1,1,0,0,1,0,0,0,1
1331,36,13,6,3,50,586811,0,1,0,0,0,1,0,0,1
1332,27,6,5,8,37,202926,1,0,0,0,0,0,0,0,1
1333,37,32,4,3,50,597599,1,1,0,0,0,0,0,1,0
1334,43,25,9,2,49,1055053,1,0,1,1,0,0,0,0,0
1335,46,19,6,9,40,1242410,1,0,1,0,0,1,0,0,0
1336,41,2,10,9,49,424435,1,0,0,0,1,0,0,1,0
1337,42,3,10,1,60,413508,1,1,0,0,1,0,0,0,1
1338,27,25,10,2,23,712294,0,0,1,0,0,0,1,0,1
1339,34,10,3,0,24,839134,1,0,1,0,0,0,1,1,0
1340,35,1,10,9,60,651366,1,1,0,1,0,0,0,0,0
1341,27,13,6,7,29,727390,0,1,0,0,1,0,0,0,0
1342,29,29,1,0,46,981004,0,0,1,1,0,0,0,0,0
1343,28,11,5,2,35,1201168,0,0,1,0,0,1,0,0,0
1344,43,25,10,2,49,384874,1,0,0,0,0,0,0,1,0
1345,49,32,6,1,32,536404,0,0,0,0,1,0,0,0,0
1346,38,12,8,4,55,1044223,1,0,1,0,0,1,0,1,0
1347,51,13,9,9,40,211137,1,0,0,0,1,0,0,0,1
1348,50,23,3,2,59,891652,1,0,1,0,0,0,1,1,0
1349,59,33,2,2,34,999328,0,0,1,1,0,0,0,0,0
1350,55,25,4,7,39,230044,0,0,0,0,0,0,1,0,1
1351,38,20,8,3,39,409732,0,0,0,0,0,0,0,1,0
1352,59,27,8,3,24,574597,0,1,0,0,0,0,1,1,0
1353,37,35,3,2,51,578522,0,1,0,0,1,0,0,1,0
1354,34,39,4,10,25,417702,1,1,0,0,0,0,1,0,1
1355,51,1,3,0,49,832204,1,0,1,0,1,0,0,1,0
1356,44,8,10,7,45,563411,1,0,0,0,0,0,0,0,0
1357,55,22,2,0,56,670641,1,0,1,0,0,0,1,0,1
1358,54,14,4,6,32,203479,0,0,0,1,0,0,0,0,1
1359,23,12,6,4,48,858771,0,0,1,1,0,0,0,1,0
1360,57,22,5,3,24,696027,1,1,0,1,0,0,0,0,0
1361,46,16,3,3,44,438463,0,1,0,0,0,0,1,0,1
1362,43,1,2,7,32,517412,0,1,0,0,0,0,1,1,0
1363,59,19,9,10,43,1083058,1,0,1,0,0,0,1,0,0
1364,35,19,1,10,50,411974,1,0,0,0,1,0,0,1,0
1365,24,2,9,5,39,327692,0,0,0,0,0,0,0,1,0
1366,49,11,1,0,27,431384,0,1,0,1,0,0,0,0,1
1367,42,39,7,9,28,468709,1,1,0,0,1,0,0,0,1
1368,45,1,6,7,40,552063,1,1,0,1,0,0,0,1,0
1369,33,35,7,1,39,454238,1,1,0,0,1,0,0,0,1
1370,38,13,3,5,34,170742,0,0,0,0,0,0,1,0,1
1371,53,15,3,8,45,980441,1,0,1,1,0,0,0,0,0
1372,36,18,1,0,30,927073,1,0,1,0,0,0,1,0,0
1373,22,33,4,5,56,847327,0,0,1,1,0,0,0,1,0
1374,55,5,2,7,60,1028725,0,0,1,0,0,1,0,1,0
1375,54,12,10,9,30,601096,0,1,0,0,1,0,0,1,0
1376,50,35,8,1,46,767046,0,1,0,0,0,1,0,1,0
1377,33,21,3,4,49,743957,0,1,0,0,1,0,0,0,0
1378,33,17,7,5,38,730809,1,0,1,0,0,0,0,0,1
1379,38,11,7,4,53,715498,1,1,0,1,0,0,0,0,0
1380,52,29,9,2,57,630996,0,1,0,0,0,0,0,1,0
1381,52,39,6,3,42,386768,0,0,0,0,0,0,0,1,0
1382,55,6,1,6,20,564354,0,0,0,0,1,0,0,0,0
1383,59,31,8,3,22,917578,0,1,0,0,0,1,0,0,0
1384,49,18,1,8,22,308865,0,0,0,0,0,0,1,1,0
1385,49,5,3,10,47,283742,1,0,0,0,1,0,0,0,1
1386,36,19,5,9,33,535387,1,1,0,0,0,0,1,1,0
1387,30,26,8,1,49,712876,1,1,0,0,0,0,0,0,0
1388,50,36,9,4,24,635047,1,1,0,0,0,0,1,1,0
1389,45,6,7,7,34,717479,0,1,0,0,0,1,0,1,0
1390,59,4,9,4,57,730478,1,0,1,0,1,0,0,0,1
1391,40,10,3,9,33,1009401,0,0,1,0,0,1,0,1,0
1392,25,14,5,7,33,700502,0,1,0,0,0,1,0,1,0
1393,21,2,10,7,27,323394,0,0,0,0,1,0,0,1,0
1394,50,4,8,8,27,939694,1,1,0,0,0,1,0,0,0
1395,23,22,1,9,38,659262,0,1,0,1,0,0,0,0,0
1396,34,36,8,5,51,188487,1,0,0,1,0,0,0,0,1
1397,50,8,7,3,50,827341,1,0,1,1,0,0,0,1,0
1398,24,14,1,10,48,645570,0,1,0,0,0,0,1,0,0
1399,38,2,10,2,60,569268,0,1,0,0,0,1,0,0,1
1400,57,28,10,4,30,905605,0,0,1,0,1,0,0,1,0
1401,45,5,6,5,32,746102,1,0,1,0,1,0,0,0,1
1402,21,16,1,2,46,134723,0,0,0,0,0,0,1,0,1
1403,35,25,2,1,38,743608,1,0,1,0,1,0,0,0,1
1404,29,20,5,6,45,730206,0,0,1,1,0,0,0,0,1
1405,35,7,2,10,56,884598,0,0,1,0,0,1,0,0,1
1406,44,20,10,4,28,294375,1,0,0,0,1,0,0,0,1
1407,24,10,1,8,47,708707,1,0,1,0,1,0,0,0,1
1408,32,37,6,2,51,879528,1,0,1,0,0,0,0,1,0
1409,57,7,8,7,22,423437,1,0,0,0,0,0,0,1,0
1410,57,23,8,5,51,754421,1,0,1,0,0,0,0,0,1
1411,26,34,8,3,24,1057760,1,0,1,0,0,1,0,1,0
1412,59,13,6,8,27,189749,0,0,0,1,0,0,0,0,1
1413,44,13,3,4,33,564347,0,1,0,1,0,0,0,1,0
1414,31,9,1,9,22,536047,1,0,0,1,0,0,0,0,0
1415,33,11,2,5,43,857339,0,0,1,0,0,1,0,0,1
1416,54,37,5,8,32,1228173,1,0,1,0,0,1,0,0,0
1417,45,33,10,6,48,711142,0,0,1,0,0,0,0,0,1
1418,27,9,5,4,27,163838,0,0,0,0,1,0,0,0,1
1419,24,16,10,1,50,977761,1,0,1,0,0,0,1,0,0
1420,28,16,1,3,45,927622,1,0,1,0,0,0,1,0,0
1421,40,2,1,1,37,491423,1,0,0,0,1,0,0,0,0
1422,49,30,9,2,37,435873,0,1,0,0,0,0,0,0,1
1423,30,0,2,9,26,703565,1,1,0,0,1,0,0,0,0
1424,54,11,7,2,57,993306,0,0,1,0,1,0,0,0,0
1425,46,38,10,3,35,337757,1,0,0,0,0,0,1,1,0
1426,23,3,4,5,52,867746,0,0,1,0,0,0,0,1,0
1427,26,12,7,2,22,630470,0,0,0,0,0,1,0,0,0
1428,25,33,8,9,57,478720,1,0,0,0,0,0,1,0,0
1429,25,20,5,0,23,901851,0,1,0,0,0,1,0,0,0
1430,43,21,1,0,55,706254,0,1,0,0,0,0,0,0,0
1431,29,3,4,8,23,403829,1,0,0,0,1,0,0,1,0
1432,55,17,10,8,28,769352,0,0,1,1,0,0,0,0,1
1433,40,4,3,4,59,651505,1,1,0,1,0,0,0,0,0
1434,55,18,10,8,36,1029288,1,0,1,0,0,0,0,0,0
1435,38,1,5,10,36,568992,1,1,0,1,0,0,0,1,0
1436,37,11,10,6,52,855609,1,1,0,0,0,1,0,0,0
1437,44,16,10,8,39,980497,0,0,1,1,0,0,0,0,0
1438,23,9,6,6,33,548826,0,1,0,0,0,0,0,1,0
1439,52,33,2,8,41,714364,0,1,0,0,0,0,0,0,0
1440,55,5,7,1,46,1221546,1,0,1,0,0,1,0,0,0
1441,58,7,3,10,22,613017,0,1,0,1,0,0,0,1,0
1442,33,10,1,10,43,432562,0,1,0,1,0,0,0,0,1
1443,45,11,10,7,49,771810,1,1,0,0,1,0,0,0,0
1444,29,8,3,6,27,941017,1,0,1,0,0,0,1,0,0
1445,24,1,9,5,41,135321,0,0,0,0,0,0,0,0,1
1446,34,7,10,4,44,871837,1,0,1,0,1,0,0,1,0
1447,57,10,6,3,29,213485,1,0,0,0,0,0,0,0,1
1448,54,35,6,6,48,815057,1,1,0,0,1,0,0,0,0
1449,31,9,4,2,59,169888,1,0,0,0,0,0,1,0,1
1450,23,20,8,7,20,845372,0,0,1,0,1,0,0,1,0
1451,48,19,5,1,40,1058438,1,0,1,0,0,0,0,0,0
1452,49,7,7,0,58,559833,1,1,0,1,0,0,0,1,0
1453,29,35,9,10,43,370783,1,0,0,0,0,0,0,1,0
1454,23,28,5,1,28,563857,1,1,0,0,0,1,0,0,1
1455,45,11,5,8,45,592272,1,1,0,0,0,1,0,0,1
1456,54,13,4,4,28,1048170,1,0,1,0,0,1,0,1,0
1457,32,20,6,10,39,572133,1,0,0,0,0,1,0,1,0
1458,29,21,2,7,54,536356,1,0,0,0,0,0,1,0,0
1459,35,20,3,2,55,323261,0,0,0,1,0,0,0,1,0
1460,45,29,1,6,55,380654,1,0,0,1,0,0,0,1,0
1461,25,38,2,1,28,370107,0,1,0,0,0,0,0,0,1
1462,31,19,2,7,41,620796,1,1,0,0,1,0,0,1,0
1463,54,23,8,6,20,883061,1,0,1,0,0,0,0,1,0
1464,44,22,8,4,24,456674,1,1,0,0,0,0,0,0,1
1465,35,6,2,10,28,688268,1,1,0,0,0,0,0,0,0
1466,58,8,6,3,56,697608,0,0,1,0,0,0,0,0,1
1467,28,0,5,0,57,616138,1,0,1,1,0,0,0,0,1
1468,25,25,3,4,38,863193,1,0,1,0,1,0,0,1,0
1469,46,37,5,8,27,643500,0,1,0,0,0,0,0,1,0
1470,38,37,5,9,51,716748,0,1,0,1,0,0,0,0,0
1471,26,21,5,3,32,820132,1,0,1,0,0,0,0,1,0
1472,57,9,3,8,39,1193047,0,0,1,0,0,1,0,0,0
1473,33,5,3,1,55,936600,0,0,1,0,0,0,0,0,0
1474,48,16,4,3,56,711930,0,1,0,0,0,0,0,0,0
1475,25,37,7,8,49,740361,1,1,0,0,0,0,1,0,0
1476,33,23,2,3,29,552405,1,0,0,0,0,1,0,1,0
1477,37,9,10,4,50,430525,1,1,0,0,1,0,0,0,1
1478,52,7,4,10,44,451376,0,1,0,0,0,0,0,0,1
1479,49,20,4,7,48,631944,1,1,0,0,1,0,0,1,0
1480,23,5,1,0,43,978340,0,0,1,0,0,1,0,1,0
1481,54,20,10,0,58,698369,1,1,0,0,0,0,0,0,0
1482,47,38,8,8,40,867460,1,0,1,0,0,0,1,1,0
1483,33,23,1,8,60,250141,0,0,0,1,0,0,0,0,1
1484,53,32,8,3,28,427920,1,0,0,0,0,0,1,1,0
1485,26,17,7,1,21,774961,0,0,1,0,0,0,1,1,0
1486,44,27,9,8,23,1033862,0,0,1,1,0,0,0,0,0
1487,39,31,8,3,27,1073876,1,0,1,1,0,0,0,0,0
1488,36,11,5,5,51,671110,0,1,0,1,0,0,0,0,0
1489,48,26,8,0,33,498995,1,0,0,0,0,0,0,0,0
1490,53,9,10,8,32,790216,1,0,1,0,1,0,0,0,1
1491,33,31,3,4,40,550217,0,1,0,0,1,0,0,1,0
1492,45,25,10,2,43,402367,1,0,0,1,0,0,0,1,0
1493,56,24,7,3,37,749472,0,1,0,0,0,0,1,0,0
1494,47,10,4,0,59,379022,1,0,0,0,0,1,0,0,1
1495,58,22,5,8,45,443668,1,1,0,1,0,0,0,0,1
1496,27,33,9,7,51,372145,1,0,0,0,0,0,1,1,0
1497,25,39,7,3,52,491050,1,0,0,0,0,0,1,0,0
1498,51,22,4,1,50,606151,1,1,0,0,0,0,0,1,0
1499,43,28,6,8,37,849576,0,0,1,0,0,0,0,1,0
1500,30,30,10,3,54,239868,0,0,0,0,1,0,0,0,1
1501,52,6,7,8,31,792039,0,0,1,0,1,0,0,0,1
1502,50,39,10,9,44,796880,0,1,0,0,0,1,0,1,0
1503,59,32,9,2,50,1181728,0,0,1,0,0,1,0,0,0
1504,51,20,4,6,29,1184800,0,0,1,0,0,1,0,0,0
1505,38,1,10,6,53,983386,1,0,1,0,0,1,0,1,0
1506,56,17,3,9,22,899114,1,0,1,0,0,0,1,1,0
1507,22,32,8,3,58,1019909,0,0,1,0,0,0,1,0,0
1508,34,36,1,1,27,535236,0,0,0,0,1,0,0,0,0
1509,33,33,9,10,51,551305,1,0,0,0,0,0,0,0,0
1510,49,19,1,8,48,361032,1,0,0,0,0,0,0,1,0
1511,32,34,2,3,41,389688,1,1,0,1,0,0,0,0,1
1512,59,17,8,7,39,987563,0,0,1,0,0,0,1,0,0
1513,22,23,9,1,25,645589,0,0,0,0,0,1,0,0,0
1514,52,7,7,7,48,898442,0,1,0,0,0,1,0,0,0
1515,33,29,3,10,36,379329,1,0,0,1,0,0,0,1,0
1516,47,9,7,9,50,227053,1,0,0,0,0,0,0,0,1
1517,37,22,6,4,53,872585,0,0,1,0,0,1,0,0,1
1518,51,10,2,6,57,734739,0,1,0,0,0,0,0,0,0
1519,54,1,3,6,56,853504,1,0,1,1,0,0,0,1,0
1520,44,25,10,8,23,702938,1,0,1,0,0,0,0,0,1
1521,55,35,10,2,21,451595,1,0,0,0,0,0,0,1,0
1522,26,32,5,9,31,709212,1,0,1,0,0,0,0,0,1
1523,39,12,10,3,54,881362,0,1,0,0,0,1,0,0,0
1524,50,39,4,9,25,960677,1,0,1,0,1,0,0,1,0
1525,27,24,2,3,27,947983,1,0,1,0,0,0,1,0,0
1526,30,3,4,9,40,658526,1,0,1,0,0,0,0,0,1
1527,52,18,8,4,54,232998,0,0,0,0,0,0,0,0,1
1528,54,17,5,5,34,735244,0,1,0,0,0,0,0,0,0
1529,48,36,5,2,26,270013,1,0,0,0,1,0,0,0,1
1530,35,29,10,3,34,523539,1,0,0,1,0,0,0,0,0
1531,50,18,3,2,25,683831,1,0,0,0,0,1,0,0,0
1532,57,22,8,1,36,589172,0,0,0,0,1,0,0,0,0
1533,49,15,6,9,23,220103,0,0,0,0,0,0,0,0,1
1534,42,0,2,8,41,592758,0,1,0,0,1,0,0,1,0
1535,24,11,2,0,51,1007213,1,0,1,0,1,0,0,0,0
1536,40,23,9,1,41,438952,0,0,0,0,1,0,0,1,0
1537,52,33,7,7,46,214605,1,0,0,1,0,0,0,0,1
1538,56,7,10,6,34,426682,1,1,0,0,0,0,1,0,1
1539,24,17,9,0,41,714647,1,1,0,0,0,1,0,1,0
1540,47,4,6,4,47,1017400,0,0,1,1,0,0,0,0,0
1541,37,25,5,9,57,422934,1,1,0,1,0,0,0,0,1
1542,32,29,1,5,28,974015,0,0,1,0,0,0,1,0,0
1543,42,12,6,4,53,538298,0,0,0,1,0,0,0,0,0
1544,37,18,6,3,55,388001,1,0,0,0,1,0,0,1,0
1545,30,28,3,0,28,731397,1,0,1,0,1,0,0,0,1
1546,21,2,3,6,34,534415,0,1,0,0,0,0,0,1,0
1547,42,25,3,8,39,691460,1,0,1,1,0,0,0,0,1
1548,46,39,3,5,27,643643,0,1,0,0,0,0,0,1,0
1549,38,11,7,2,47,401338,1,0,0,0,0,1,0,0,1
1550,34,1,10,9,38,423278,0,1,0,0,1,0,0,0,1
1551,49,10,2,3,35,852941,0,0,1,0,0,1,0,0,1
1552,32,27,10,9,30,1071357,0,0,1,0,0,0,1,0,0
1553,56,17,10,4,27,604349,0,0,0,0,1,0,0,0,0
1554,55,12,2,0,52,712955,1,1,0,0,0,1,0,1,0
1555,32,36,3,4,29,587565,1,1,0,0,0,0,1,1,0
1556,27,21,10,0,37,580408,0,1,0,0,0,1,0,0,1
1557,49,11,7,8,54,222567,0,0,0,0,0,0,1,0,1
1558,31,1,3,6,22,667196,1,1,0,0,0,0,1,0,0
1559,53,36,7,2,59,1040429,1,0,1,0,1,0,0,0,0
1560,26,6,9,8,46,746048,1,1,0,0,0,0,0,0,0
1561,35,25,10,1,47,377176,1,0,0,0,0,0,1,1,0
1562,52,25,4,6,25,685347,1,1,0,0,0,0,1,0,0
1563,31,23,7,8,33,595691,1,1,0,0,1,0,0,1,0
1564,43,11,9,5,26,1001756,0,0,1,0,0,0,0,0,0
1565,46,15,8,9,29,705274,1,1,0,1,0,0,0,0,0
1566,54,22,8,4,34,689127,1,0,1,1,0,0,0,0,1
1567,54,39,9,6,50,901705,0,0,1,0,0,0,0,1,0
1568,49,8,5,5,48,712163,1,0,0,0,0,1,0,0,0
1569,24,31,5,4,36,746264,1,0,1,0,1,0,0,0,1
1570,37,14,3,1,48,830664,1,0,1,0,0,0,0,1,0
1571,55,36,5,7,34,411795,1,0,0,1,0,0,0,1,0
1572,33,12,8,6,45,972333,1,0,1,0,0,0,1,0,0
1573,59,4,5,5,31,341079,0,0,0,1,0,0,0,1,0
1574,35,10,4,4,44,409225,1,1,0,0,0,0,1,0,1
1575,49,9,8,4,60,209759,0,0,0,0,1,0,0,0,1
1576,49,12,7,8,24,836571,0,0,1,0,0,0,1,1,0
1577,31,14,6,0,23,190119,1,0,0,0,0,0,0,0,1
1578,52,6,5,8,60,808009,0,0,1,0,0,0,1,1,0
1579,22,39,5,5,50,612329,1,1,0,0,0,1,0,0,1
1580,34,27,10,3,22,366730,0,0,0,0,0,0,0,1,0
1581,40,31,2,9,22,618549,0,1,0,0,1,0,0,1,0
1582,42,34,4,6,45,880498,1,0,1,0,0,0,0,1,0
1583,31,14,8,8,36,865820,1,0,1,0,0,1,0,0,1
1584,47,35,8,4,29,612815,1,1,0,0,1,0,0,1,0
1585,23,20,1,4,21,377018,1,0,0,1,0,0,0,1,0
1586,37,5,2,7,43,647295,1,0,0,0,0,1,0,0,0
1587,48,0,5,6,30,1056411,0,0,1,0,1,0,0,0,0
1588,49,3,9,7,43,536691,0,1,0,0,0,0,1,1,0
1589,41,10,10,10,54,735453,0,1,0,0,0,0,0,0,0
1590,36,25,7,9,42,371953,0,0,0,0,1,0,0,1,0
1591,57,36,10,1,51,559325,0,0,0,0,0,0,0,0,0
1592,40,22,5,8,42,211490,0,0,0,0,0,0,1,0,1
1593,26,28,1,2,53,445796,0,1,0,0,1,0,0,0,1
1594,39,20,6,5,60,360993,1,0,0,1,0,0,0,1,0
1595,25,26,8,5,38,535706,1,0,0,0,0,1,0,1,0
1596,23,38,7,1,21,734817,0,0,1,0,1,0,0,0,1
1597,21,39,2,6,21,221044,0,0,0,0,0,0,1,0,1
1598,58,12,5,8,34,596434,1,0,0,0,1,0,0,0,0
1599,35,22,4,9,40,583710,1,1,0,0,0,0,0,1,0
1600,54,15,9,10,54,470299,1,1,0,0,1,0,0,0,1
1601,55,29,10,0,24,744464,1,0,1,1,0,0,0,0,1
1602,45,3,1,7,46,371178,0,0,0,0,1,0,0,1,0
1603,44,39,6,1,43,1233650,1,0,1,0,0,1,0,0,0
1604,32,15,3,0,26,752879,0,1,0,0,1,0,0,0,0
1605,38,30,9,7,25,1057438,0,0,1,0,0,0,0,0,0
1606,35,24,5,1,52,756223,0,1,0,0,1,0,0,0,0
1607,36,11,6,5,36,706426,1,0,1,1,0,0,0,0,1
1608,47,25,9,5,49,826301,1,0,1,0,0,0,1,1,0
1609,28,36,9,4,27,398048,0,0,0,0,1,0,0,1,0
1610,45,32,8,7,59,765144,0,0,1,0,1,0,0,0,1
1611,37,27,9,2,26,440978,0,0,0,0,0,1,0,0,1
1612,49,8,4,9,25,171148,1,0,0,1,0,0,0,0,1
1613,28,11,6,3,23,353319,0,0,0,0,0,0,1,1,0
1614,35,4,5,6,20,313861,1,0,0,0,0,0,0,1,0
1615,47,27,5,6,34,922217,0,0,1,0,1,0,0,1,0
1616,27,34,4,7,50,684480,0,1,0,0,0,0,1,0,0
1617,23,4,2,1,44,329637,0,1,0,0,0,0,0,0,1
1618,49,33,6,10,52,450121,1,1,0,1,0,0,0,0,1
1619,44,33,9,1,54,739804,1,0,1,1,0,0,0,0,1
1620,23,12,1,3,24,304431,0,0,0,0,0,0,1,1,0
1621,40,38,7,9,24,512937,1,1,0,0,0,0,0,0,1
1622,35,13,6,8,55,744421,0,0,1,1,0,0,0,0,1
1623,45,10,3,9,36,504172,1,0,0,0,0,0,1,0,0
1624,50,37,1,8,33,571937,1,1,0,1,0,0,0,1,0
1625,34,3,4,3,48,128649,1,0,0,1,0,0,0,0,1
1626,27,32,9,8,27,546671,0,1,0,1,0,0,0,1,0
1627,37,6,2,2,53,674119,1,1,0,0,0,1,0,1,0
1628,40,7,3,4,59,539617,1,1,0,0,0,0,0,1,0
1629,56,36,2,9,20,595317,0,0,0,0,0,0,1,0,0
1630,29,9,2,8,48,791779,0,0,1,0,0,0,1,1,0
1631,58,14,10,5,55,407835,0,0,0,0,0,0,0,1,0
1632,42,37,8,2,56,644310,0,1,0,0,0,0,0,1,0
1633,22,14,3,9,48,155803,1,0,0,0,0,0,0,0,1
1634,44,4,7,8,24,1045897,1,0,1,0,0,0,0,0,0
1635,28,28,8,5,51,256805,1,0,0,0,1,0,0,0,1
1636,31,18,3,3,43,946201,1,0,1,0,0,0,1,0,0
1637,33,9,2,3,38,983134,1,0,1,0,1,0,0,0,0
1638,37,11,8,7,31,320260,0,0,0,1,0,0,0,1,0
1639,28,3,3,6,20,482326,1,1,0,1,0,0,0,1,0
1640,41,30,7,0,26,741821,1,0,1,0,0,0,1,0,1
1641,38,17,1,5,36,491275,1,0,0,1,0,0,0,0,0
1642,50,15,6,7,53,905176,0,0,1,0,0,0,0,1,0
1643,38,39,9,2,26,572298,0,1,0,0,1,0,0,1,0
1644,51,35,3,8,36,424603,1,0,0,0,0,0,0,1,0
1645,58,24,7,9,22,427160,0,0,0,1,0,0,0,1,0
1646,52,22,6,1,48,272751,0,0,0,0,1,0,0,0,1
1647,31,11,8,5,41,427002,0,1,0,0,0,0,0,0,1
1648,45,33,3,0,57,856910,0,0,1,0,0,0,1,1,0
1649,53,35,3,10,48,407388,0,0,0,0,0,0,0,1,0
1650,58,36,4,1,24,887047,0,0,1,1,0,0,0,1,0
1651,28,2,3,4,49,889289,0,0,1,0,1,0,0,1,0
1652,31,8,9,0,42,511955,1,1,0,0,0,0,1,1,0
1653,42,17,4,7,40,493482,1,0,0,0,1,0,0,0,0
1654,44,34,6,0,45,995864,0,0,1,0,0,0,1,0,0
1655,37,33,8,8,40,600618,1,0,0,0,1,0,0,0,0
1656,32,13,8,9,39,544990,1,0,0,1,0,0,0,0,0
1657,52,3,5,10,42,540765,0,1,0,0,0,0,1,1,0
1658,35,28,5,2,23,684313,1,0,0,0,0,1,0,0,0
1659,36,14,6,1,40,511350,0,0,0,0,1,0,0,0,0
1660,42,27,10,0,40,712878,0,0,1,0,1,0,0,0,1
1661,48,15,7,8,20,753315,0,1,0,0,0,0,0,0,0
1662,40,11,10,3,34,468424,1,0,0,0,0,0,1,0,0
1663,53,4,7,0,36,1050593,1,0,1,0,0,1,0,1,0
1664,30,33,4,0,33,659812,1,1,0,1,0,0,0,0,0
1665,52,0,6,6,38,687353,1,1,0,0,0,0,0,0,0
1666,53,38,7,1,53,1108450,0,0,1,0,0,1,0,1,0
1667,22,31,5,6,25,967692,0,0,1,0,0,0,1,0,0
1668,53,25,5,6,25,1030950,1,0,1,0,0,1,0,1,0
1669,53,16,2,9,24,1008432,0,0,1,0,1,0,0,0,0
1670,33,26,7,8,26,762225,0,0,1,0,1,0,0,0,1
1671,50,23,6,6,52,286048,1,0,0,0,0,0,0,0,1
1672,53,34,1,0,32,559991,0,0,0,0,0,0,1,0,0
1673,33,38,4,7,20,452711,1,1,0,0,0,0,1,0,1
1674,46,25,3,7,32,571104,0,0,0,0,0,1,0,1,0
1675,42,37,3,3,46,497795,1,0,0,0,0,0,0,0,0
1676,59,22,7,7,26,338774,0,0,0,0,0,0,1,1,0
1677,22,21,10,3,22,689690,0,0,1,0,1,0,0,0,1
1678,58,3,4,7,44,717786,1,1,0,0,0,1,0,1,0
1679,59,8,8,4,52,440325,1,1,0,1,0,0,0,0,1
1680,46,3,9,3,59,466950,1,1,0,0,1,0,0,0,1
1681,35,6,3,5,36,437480,1,1,0,0,0,0,0,0,1
1682,54,22,5,1,33,377427,0,0,0,0,0,0,1,1,0
1683,31,1,4,1,56,226013,0,0,0,0,1,0,0,0,1
1684,23,23,10,1,42,1009514,1,0,1,1,0,0,0,0,0
1685,26,39,6,8,43,481387,0,1,0,1,0,0,0,0,1
1686,29,30,10,9,48,571852,1,0,0,0,0,0,0,0,0
1687,26,30,4,2,57,535256,1,0,0,0,1,0,0,0,0
1688,29,39,8,9,46,1274243,0,0,1,0,0,1,0,0,0
1689,59,33,3,3,57,1077130,0,0,1,0,1,0,0,0,0
1690,51,23,5,9,59,928690,1,0,1,1,0,0,0,1,0
1691,52,25,1,7,42,550271,1,0,0,0,0,0,0,0,0
1692,32,15,6,3,50,202215,1,0,0,0,0,0,0,0,1
1693,28,12,5,10,55,1138466,0,0,1,0,0,1,0,0,0
1694,28,14,8,9,36,384637,0,1,0,0,0,0,0,0,1
1695,48,26,9,9,56,925745,0,0,1,0,0,0,0,1,0
1696,40,3,8,6,22,989817,0,0,1,0,0,0,0,0,0
1697,27,15,8,4,55,702266,1,0,1,0,0,0,0,0,1
1698,31,29,3,8,24,832578,1,0,1,0,0,0,0,1,0
1699,40,29,4,3,34,342799,1,0,0,1,0,0,0,1,0
1700,36,35,4,2,25,401043,1,1,0,0,1,0,0,0,1
1701,24,2,5,1,29,989627,1,0,1,0,0,0,1,0,0
1702,26,21,9,0,51,551552,1,1,0,0,0,0,0,1,0
1703,42,21,9,10,42,470983,0,1,0,0,0,0,1,0,1
1704,46,11,10,5,36,674564,0,1,0,0,0,0,1,0,0
1705,23,20,1,9,39,869287,1,0,1,1,0,0,0,1,0
1706,34,3,8,1,60,212942,1,0,0,0,0,0,0,0,1
1707,31,30,1,7,34,887632,0,0,1,0,0,0,1,1,0
1708,38,30,2,5,41,541425,0,1,0,0,0,0,0,1,0
1709,32,22,7,4,25,587481,0,1,0,0,0,1,0,0,1
1710,43,19,8,1,23,562847,0,0,0,0,0,1,0,1,0
1711,32,14,1,6,42,901114,1,0,1,0,0,1,0,0,1
1712,33,22,3,1,38,702317,1,1,0,0,0,0,1,0,0
1713,45,27,7,4,50,443326,1,0,0,0,0,1,0,0,1
1714,39,15,9,1,22,698030,1,1,0,1,0,0,0,0,0
1715,56,36,8,10,47,452099,1,0,0,1,0,0,0,1,0
1716,28,20,8,9,22,181888,0,0,0,0,0,0,1,0,1
1717,49,14,9,10,33,720491,1,0,1,0,0,0,0,0,1
1718,52,16,10,10,37,453352,0,1,0,0,1,0,0,0,1
1719,38,36,3,1,46,697676,1,0,1,0,0,0,0,0,1
1720,26,12,8,6,29,718836,1,1,0,0,0,0,0,0,0
1721,38,18,1,8,34,1003463,1,0,1,0,0,0,0,0,0
1722,39,29,8,4,38,584490,1,1,0,0,0,0,0,1,0
1723,42,17,7,6,28,931044,1,0,1,0,1,0,0,1,0
1724,57,13,8,3,23,560127,0,0,0,0,0,1,0,1,0
1725,52,35,1,1,34,554721,0,1,0,0,0,0,0,1,0
1726,23,35,6,2,27,453370,0,1,0,1,0,0,0,0,1
1727,48,19,7,1,20,534337,1,0,0,0,0,0,1,0,0
1728,30,18,5,4,26,1006843,1,0,1,0,0,0,1,0,0
1729,55,6,5,5,50,705313,0,1,0,1,0,0,0,0,0
1730,49,3,7,6,37,689751,1,1,0,0,0,0,0,0,0
1731,35,33,3,2,31,888086,1,0,1,0,1,0,0,1,0
1732,53,1,6,3,49,420193,0,0,0,0,0,1,0,0,1
1733,27,4,7,7,52,997418,1,0,1,0,0,0,1,0,0
1734,32,9,1,3,26,855384,0,0,1,0,0,1,0,0,1
1735,50,31,2,6,47,766120,1,0,1,0,1,0,0,0,1
1736,41,12,4,5,22,347040,0,1,0,0,0,0,1,0,1
1737,51,38,8,6,25,458677,1,0,0,0,0,1,0,0,1
1738,44,4,10,0,50,510878,1,0,0,0,1,0,0,0,0
1739,40,9,6,2,57,1122469,0,0,1,0,0,1,0,0,0
1740,57,9,1,5,34,675662,1,1,0,0,0,0,0,0,0
1741,24,37,10,2,26,915935,1,0,1,0,1,0,0,1,0
1742,48,26,5,6,49,934667,0,1,0,0,0,1,0,0,0
1743,40,20,7,8,46,538037,1,1,0,0,0,0,0,1,0
1744,44,7,6,2,36,558026,0,1,0,0,0,0,0,1,0
1745,52,0,9,0,37,602914,1,1,0,0,1,0,0,1,0
1746,56,27,8,9,41,519193,1,0,0,1,0,0,0,0,0
1747,54,38,4,5,45,781162,1,1,0,0,0,0,1,0,0
1748,56,13,5,0,46,739590,1,1,0,0,1,0,0,0,0
1749,22,20,7,0,59,793451,0,0,1,0,0,0,0,1,0
1750,35,29,8,7,43,906060,1,0,1,0,0,0,0,1,0
1751,54,20,5,8,27,218962,0,0,0,0,1,0,0,0,1
1752,56,8,9,1,40,900951,1,0,1,1,0,0,0,1,0
1753,26,16,10,8,48,588552,1,1,0,0,0,0,1,1,0
1754,59,4,4,4,40,1146444,1,0,1,0,0,1,0,0,0
1755,32,30,4,7,22,241443,1,0,0,0,1,0,0,0,1
1756,23,39,8,6,50,687006,0,0,1,0,0,0,1,0,1
1757,38,37,1,6,46,706884,0,0,1,0,0,0,1,0,1
1758,41,18,8,3,46,565229,0,0,0,0,0,0,0,0,0
1759,35,35,5,1,28,369748,0,0,0,0,0,1,0,0,1
1760,53,32,1,4,52,456162,1,1,0,0,1,0,0,0,1
1761,55,12,4,10,52,1028690,0,0,1,0,0,0,0,0,0
1762,46,13,2,10,45,444125,0,1,0,0,0,0,0,0,1
1763,28,32,4,2,47,873008,1,0,1,1,0,0,0,1,0
1764,56,28,8,8,50,903309,1,0,1,0,0,0,1,1,0
1765,50,35,5,5,20,615737,1,1,0,0,1,0,0,1,0
1766,43,9,1,0,39,839232,1,0,1,0,1,0,0,1,0
1767,34,30,7,2,31,852104,0,0,1,0,1,0,0,1,0
1768,34,5,1,3,36,860730,0,0,1,0,0,0,0,1,0
1769,22,0,9,8,34,369266,1,0,0,1,0,0,0,1,0
1770,57,6,3,10,53,731980,1,1,0,0,0,1,0,1,0
1771,25,26,3,5,35,384990,1,0,0,0,0,0,0,1,0
1772,58,20,6,3,23,893560,0,1,0,0,0,1,0,0,0
1773,34,27,10,0,27,669054,0,1,0,1,0,0,0,0,0
1774,59,15,6,7,53,910549,1,0,1,0,0,0,1,1,0
1775,45,22,6,10,44,760987,1,1,0,0,1,0,0,0,0
1776,40,19,1,1,34,649485,0,0,0,0,0,1,0,0,0
1777,22,37,5,10,47,432798,1,0,0,0,0,0,0,1,0
1778,59,24,6,10,28,580167,1,0,0,0,0,1,0,1,0
1779,26,27,8,7,21,698928,0,1,0,0,0,0,1,0,0
1780,37,4,1,5,36,372238,1,0,0,0,1,0,0,1,0
1781,45,20,5,7,29,763723,0,1,0,0,0,1,0,1,0
1782,48,17,3,5,28,316538,1,0,0,0,0,0,1,1,0
1783,22,5,2,4,50,292719,1,0,0,0,0,0,0,1,0
1784,55,28,8,4,21,694271,0,1,0,1,0,0,0,0,0
1785,57,18,7,9,43,227397,0,0,0,0,0,0,0,0,1
1786,25,32,10,9,38,1089491,1,0,1,0,1,0,0,0,0
1787,21,0,7,10,36,369602,0,1,0,0,0,0,0,0,1
1788,32,2,5,7,29,395471,1,1,0,0,0,0,0,0,1
1789,56,20,9,6,47,459150,1,1,0,0,0,0,0,0,1
1790,43,34,5,7,57,1044227,0,0,1,0,0,0,0,0,0
1791,51,39,2,7,47,826581,1,1,0,0,1,0,0,0,0
1792,31,2,3,6,20,436116,1,0,0,0,0,0,1,0,0
1793,30,24,4,1,22,628674,0,0,0,0,0,1,0,0,0
1794,23,37,5,10,34,500969,0,0,0,1,0,0,0,0,0
1795,34,19,3,8,29,542946,1,1,0,0,0,1,0,0,1
1796,36,33,7,6,40,683260,0,0,0,0,0,1,0,0,0
1797,30,20,5,10,56,366963,0,1,0,1,0,0,0,0,1
1798,49,22,5,5,34,578002,0,0,0,0,1,0,0,0,0
1799,30,5,6,8,42,965762,0,0,1,1,0,0,0,0,0
1800,32,12,7,0,33,814177,1,0,1,0,1,0,0,1,0
1801,50,22,10,10,34,889160,1,0,1,0,0,1,0,0,1
1802,21,8,10,1,29,958543,1,0,1,0,1,0,0,0,0
1803,25,16,8,0,28,702162,0,1,0,0,0,0,1,0,0
1804,40,1,9,9,58,490778,0,0,0,1,0,0,0,0,0
1805,28,18,4,2,24,803607,0,0,1,0,0,0,1,1,0
1806,32,18,5,10,44,629835,0,1,0,0,0,1,0,0,1
1807,21,6,5,4,45,934221,0,0,1,1,0,0,0,0,0
1808,40,19,8,0,27,1132823,0,0,1,0,0,1,0,0,0
1809,48,8,9,3,41,694105,0,1,0,0,0,0,1,0,0
1810,57,16,7,7,44,787151,1,1,0,0,0,1,0,1,0
1811,57,26,5,5,31,552968,1,0,0,1,0,0,0,0,0
1812,32,1,3,0,28,127738,0,0,0,1,0,0,0,0,1
1813,57,35,1,0,29,920330,0,0,1,0,0,1,0,0,1
1814,48,18,9,2,29,737967,0,0,1,1,0,0,0,0,1
1815,35,16,5,9,28,169330,1,0,0,1,0,0,0,0,1
1816,26,4,9,7,45,660153,1,0,0,0,0,1,0,0,0
1817,40,38,10,10,54,560611,0,1,0,0,0,0,1,1,0
1818,34,17,4,10,46,326372,0,0,0,1,0,0,0,1,0
1819,22,6,5,7,50,326455,1,0,0,1,0,0,0,1,0
1820,29,16,4,2,38,966930,1,0,1,1,0,0,0,0,0
1821,57,38,2,6,57,423022,1,0,0,1,0,0,0,1,0
1822,40,35,1,2,25,908214,1,0,1,0,0,1,0,0,1
1823,46,39,8,3,34,573294,0,0,0,0,0,0,1,0,0
1824,49,3,4,8,48,539216,1,1,0,0,0,0,1,1,0
1825,21,37,5,3,24,257204,1,0,0,0,1,0,0,0,1
1826,55,24,6,2,33,174415,0,0,0,1,0,0,0,0,1
1827,26,4,8,4,21,501441,1,0,0,1,0,0,0,0,0
1828,57,29,8,6,42,1100279,1,0,1,0,1,0,0,0,0
1829,25,11,7,4,38,554569,1,1,0,0,0,0,1,1,0
1830,53,3,4,3,43,392056,0,0,0,0,0,0,0,1,0
1831,34,23,6,7,39,914944,1,0,1,0,0,0,0,1,0
1832,32,28,4,3,46,717435,0,1,0,0,0,0,1,0,0
1833,40,8,7,1,43,883142,0,0,1,1,0,0,0,1,0
1834,44,3,1,9,36,812388,1,0,1,0,0,0,0,1,0
1835,54,23,5,5,44,603799,1,1,0,0,0,1,0,0,1
1836,45,13,10,1,50,391265,1,0,0,0,0,1,0,0,1
1837,49,4,10,2,47,738714,1,0,1,0,1,0,0,0,1
1838,59,17,4,0,47,813435,0,0,1,0,0,0,1,1,0
1839,51,18,7,4,41,532002,1,0,0,0,0,0,1,0,0
1840,43,11,9,8,24,257131,1,0,0,0,0,0,0,0,1
1841,58,17,5,1,27,738229,1,1,0,1,0,0,0,0,0
1842,40,16,4,6,57,496320,0,1,0,0,0,0,1,1,0
1843,43,29,9,4,47,587532,1,1,0,0,0,0,0,1,0
1844,36,23,5,1,31,236263,1,0,0,0,0,0,0,0,1
1845,28,10,9,7,44,954907,0,0,1,0,0,0,1,0,0
1846,41,34,8,10,57,751002,0,0,1,0,0,0,0,0,1
1847,21,22,4,5,34,566838,1,1,0,0,1,0,0,1,0
1848,28,16,7,3,60,508912,1,0,0,0,1,0,0,0,0
1849,49,0,5,3,53,623552,1,0,1,0,0,0,1,0,1
1850,52,14,10,1,32,531140,1,1,0,1,0,0,0,1,0
1851,58,31,4,2,27,799091,1,0,1,0,1,0,0,0,1
1852,25,8,5,6,32,1008737,0,0,1,0,1,0,0,0,0
1853,42,14,5,2,55,467367,0,0,0,0,0,0,1,0,0
1854,54,27,9,4,25,750134,1,0,0,0,0,1,0,0,0
1855,21,23,9,9,57,999561,1,0,1,0,0,0,0,0,0
1856,46,34,6,5,51,815590,0,1,0,0,1,0,0,0,0
1857,30,21,4,5,40,409836,1,0,0,0,0,1,0,0,1
1858,50,26,2,3,26,709124,1,0,1,1,0,0,0,0,1
1859,38,18,3,5,45,376638,1,0,0,0,0,1,0,0,1
1860,37,11,2,2,34,209615,1,0,0,0,0,0,1,0,1
1861,46,19,5,6,42,319482,1,0,0,1,0,0,0,1,0
1862,28,0,6,6,57,808765,0,0,1,1,0,0,0,1,0
1863,32,20,5,3,60,608606,1,1,0,0,0,1,0,0,1
1864,47,0,2,1,34,555422,1,1,0,0,0,0,1,1,0
1865,28,9,5,10,59,581181,1,1,0,0,1,0,0,1,0
1866,45,31,9,6,35,735732,0,0,0,0,0,1,0,0,0
1867,24,38,4,2,51,752349,0,0,1,0,1,0,0,0,1
1868,53,21,10,0,56,562974,0,0,0,0,0,1,0,1,0
1869,21,17,2,1,37,528013,0,1,0,0,1,0,0,1,0
1870,39,31,3,9,39,586092,1,1,0,0,0,1,0,0,1
1871,51,26,3,8,21,1008618,0,0,1,1,0,0,0,0,0
1872,36,27,9,7,42,242132,1,0,0,0,0,0,0,0,1
1873,34,17,4,5,49,662909,1,1,0,1,0,0,0,0,0
1874,25,38,1,5,22,853529,0,0,1,0,1,0,0,1,0
1875,46,28,1,0,58,469154,0,0,0,0,0,0,1,0,0
1876,48,17,7,1,20,488382,0,0,0,1,0,0,0,0,0
1877,22,7,7,3,60,375417,0,1,0,0,0,0,0,0,1
1878,26,30,2,2,41,608488,0,1,0,0,1,0,0,1,0
1879,29,33,9,0,48,177201,1,0,0,1,0,0,0,0,1
1880,53,6,9,7,33,421281,0,0,0,0,0,1,0,0,1
1881,45,35,5,6,47,620371,0,1,0,0,0,0,1,1,0
1882,33,17,3,3,40,236725,0,0,0,0,1,0,0,0,1
1883,29,37,3,8,51,431992,1,1,0,1,0,0,0,0,1
1884,33,8,3,10,25,478988,0,0,0,0,1,0,0,0,0
1885,51,8,6,3,20,564919,1,1,0,0,0,1,0,0,1
1886,31,7,4,0,40,822926,0,0,1,0,0,0,0,1,0
1887,24,34,8,9,23,435167,0,1,0,1,0,0,0,0,1
1888,54,17,5,0,22,693513,1,1,0,0,1,0,0,0,0
1889,58,4,1,0,49,700113,0,0,1,0,1,0,0,0,1
1890,24,13,9,0,50,160074,1,0,0,0,1,0,0,0,1
1891,58,27,1,3,53,782516,1,0,1,0,0,0,0,0,1
1892,39,29,6,0,38,697338,1,1,0,0,1,0,0,0,0
1893,26,3,1,1,39,334399,0,0,0,0,0,0,1,1,0
1894,54,38,3,3,42,862368,0,0,1,0,0,0,1,1,0
1895,38,19,10,6,59,531728,0,0,0,0,1,0,0,0,0
1896,33,24,5,1,44,486711,1,0,0,0,0,0,1,0,0
1897,43,27,10,7,34,735597,0,0,1,1,0,0,0,0,1
1898,39,11,7,6,57,348273,1,0,0,0,0,0,1,1,0
1899,31,1,10,8,42,1000139,0,0,1,0,1,0,0,0,0
1900,21,13,8,5,21,681323,1,1,0,0,0,1,0,1,0
1901,44,21,9,3,34,191010,1,0,0,1,0,0,0,0,1
1902,27,30,6,5,54,712333,1,1,0,0,0,0,0,0,0
1903,45,22,9,3,29,554435,0,1,0,0,1,0,0,1,0
1904,41,19,8,6,33,366918,1,0,0,0,0,0,0,1,0
1905,35,37,9,8,46,935455,1,0,1,0,0,1,0,0,1
1906,21,3,10,2,33,486007,1,0,0,0,0,0,0,0,0
1907,32,14,4,2,54,563033,1,1,0,0,1,0,0,1,0
1908,27,23,9,1,52,463589,1,1,0,0,1,0,0,0,1
1909,35,24,7,0,20,1052972,1,0,1,0,0,1,0,1,0
1910,41,0,5,0,53,193219,0,0,0,0,1,0,0,0,1
1911,39,6,5,2,38,693477,0,1,0,0,0,1,0,1,0
1912,49,30,1,6,43,798780,1,1,0,0,0,1,0,1,0
1913,45,11,2,10,23,433221,0,1,0,0,1,0,0,0,1
1914,53,4,10,8,55,1025228,0,0,1,0,0,0,1,0,0
1915,52,37,3,1,32,577023,1,1,0,0,0,1,0,0,1
1916,55,11,8,6,51,732826,1,1,0,0,1,0,0,0,0
1917,58,38,6,0,28,374205,1,0,0,0,0,0,1,1,0
1918,46,17,10,1,58,489625,0,0,0,0,0,1,0,1,0
1919,31,1,5,5,35,379235,1,1,0,0,0,0,1,0,1
1920,55,9,1,10,22,381875,0,1,0,1,0,0,0,0,1
1921,28,14,9,4,39,446711,1,0,0,1,0,0,0,0,0
1922,34,29,3,7,29,991937,0,0,1,0,0,0,1,0,0
1923,30,16,3,10,41,1163022,1,0,1,0,0,1,0,0,0
1924,22,3,2,1,22,637682,1,0,1,0,1,0,0,0,1
1925,29,6,4,0,30,864177,0,0,1,0,0,0,0,1,0
1926,23,30,2,6,44,780066,0,0,1,0,1,0,0,0,1
1927,41,38,9,5,27,944148,0,0,1,0,0,0,0,1,0
1928,46,33,10,7,28,783031,0,0,1,0,0,0,0,0,1
1929,28,5,7,10,34,865450,0,0,1,0,0,1,0,0,1
1930,22,37,8,7,51,482420,0,0,0,0,0,0,1,0,0
1931,26,33,3,1,22,851644,1,0,1,0,1,0,0,1,0
1932,48,14,6,7,23,741418,0,0,1,0,0,0,1,0,1
1933,49,13,10,5,49,671065,1,0,1,1,0,0,0,0,1
1934,46,5,6,8,32,773409,1,1,0,0,0,1,0,1,0
1935,45,36,1,6,40,417942,0,0,0,0,0,1,0,0,1
1936,32,31,6,1,60,379060,1,0,0,1,0,0,0,1,0
1937,25,2,3,7,38,474691,0,0,0,0,1,0,0,0,0
1938,54,2,3,8,58,985799,0,0,1,1,0,0,0,0,0
1939,57,21,3,6,41,924277,1,0,1,0,1,0,0,1,0
1940,35,21,10,3,39,705010,1,1,0,0,0,0,0,0,0
1941,56,9,10,8,56,596419,0,0,0,0,0,1,0,1,0
1942,35,2,8,3,50,735366,0,0,1,0,1,0,0,0,1
1943,43,11,5,3,29,162475,1,0,0,0,0,0,1,0,1
1944,26,28,4,8,37,558242,1,1,0,0,0,0,1,1,0
1945,41,16,9,7,58,595546,1,1,0,0,0,1,0,0,1
1946,43,6,9,3,39,736087,1,1,0,1,0,0,0,0,0
1947,36,12,1,7,37,165267,0,0,0,1,0,0,0,0,1
1948,35,1,2,7,30,734411,0,0,1,0,1,0,0,0,1
1949,45,3,8,6,41,885549,0,0,1,1,0,0,0,1,0
1950,56,9,5,9,37,921439,0,1,0,0,0,1,0,0,0
1951,31,38,7,5,53,716897,1,0,1,0,1,0,0,0,1
1952,35,23,1,7,42,367663,1,1,0,0,0,0,0,0,1
1953,24,16,10,6,20,353540,0,0,0,1,0,0,0,1,0
1954,41,5,5,4,29,568415,0,1,0,1,0,0,0,1,0
1955,33,18,3,3,20,500030,0,0,0,0,1,0,0,0,0
1956,42,4,10,1,57,381313,0,1,0,0,0,0,1,0,1
1957,39,31,2,10,58,864370,0,0,1,1,0,0,0,1,0
1958,54,9,2,7,28,1016982,0,0,1,0,0,1,0,1,0
1959,34,8,9,8,50,534058,0,1,0,1,0,0,0,1,0
1960,24,26,4,3,26,1012255,0,0,1,0,0,0,0,0,0
1961,47,12,4,3,36,889407,0,0,1,1,0,0,0,1,0
1962,49,18,7,4,54,1021930,1,0,1,0,0,0,1,0,0
1963,48,20,10,1,56,516500,0,0,0,1,0,0,0,0,0
1964,55,23,10,6,37,748879,1,0,1,0,1,0,0,0,1
1965,28,37,2,4,52,232287,1,0,0,1,0,0,0,0,1
1966,36,3,3,5,23,640174,0,1,0,0,0,0,1,0,0
1967,56,23,3,3,42,707090,0,0,1,0,1,0,0,0,1
1968,50,34,6,7,30,910432,1,0,1,0,0,1,0,0,1
1969,38,2,3,7,28,853426,1,0,1,0,1,0,0,1,0
1970,22,3,5,4,49,373084,0,1,0,0,0,0,0,0,1
1971,33,36,4,5,27,592663,1,0,0,0,1,0,0,0,0
1972,24,39,3,2,59,377515,0,0,0,0,0,1,0,0,1
1973,46,34,8,0,24,901251,0,0,1,1,0,0,0,1,0
1974,45,30,10,8,31,798353,0,1,0,0,1,0,0,0,0
1975,50,24,3,8,20,506029,1,1,0,0,1,0,0,0,1
1976,31,39,6,2,34,785490,1,1,0,0,1,0,0,0,0
1977,27,12,7,3,44,367600,0,1,0,0,1,0,0,0,1
1978,51,3,7,6,37,707190,1,1,0,0,0,1,0,1,0
1979,30,13,2,1,57,145262,1,0,0,0,0,0,1,0,1
1980,59,12,3,2,45,481499,1,0,0,0,0,0,1,0,0
1981,33,26,10,5,59,589988,1,0,0,0,1,0,0,0,0
1982,51,5,10,10,22,1161170,1,0,1,0,0,1,0,0,0
1983,27,16,4,7,41,611687,1,1,0,0,0,1,0,0,1
1984,56,35,7,0,45,734841,1,0,1,0,1,0,0,0,1
1985,40,39,2,3,38,481640,0,1,0,0,0,0,0,0,1
1986,24,34,3,0,58,399823,1,0,0,0,1,0,0,1,0
1987,27,16,7,1,55,877074,1,0,1,0,0,0,0,1,0
1988,21,1,7,7,40,319515,1,0,0,0,1,0,0,1,0
1989,33,12,10,5,60,726126,1,1,0,0,0,0,0,0,0
1990,42,1,3,8,45,703697,1,1,0,0,0,0,0,0,0
1991,41,27,1,1,32,731349,1,1,0,0,1,0,0,0,0
1992,42,25,3,2,55,482352,1,0,0,0,0,0,0,0,0
1993,48,21,5,8,43,733861,1,1,0,1,0,0,0,0,0
1994,29,2,7,8,60,146258,0,0,0,0,0,0,1,0,1
1995,46,34,4,5,45,1227355,1,0,1,0,0,1,0,0,0
1996,29,11,1,2,40,370008,1,1,0,0,0,0,0,0,1
1997,35,23,6,4,37,586284,1,1,0,0,0,0,0,1,0
1998,30,4,2,1,34,709728,1,1,0,0,0,1,0,1,0
1999,44,19,3,6,34,848910,0,0,1,0,0,0,0,1,0
2000,28,38,4,9,25,724895,0,1,0,0,0,1,0,1,0
2001,44,38,6,10,50,459942,0,0,0,0,1,0,0,1,0
2002,36,12,6,7,47,485924,0,0,0,1,0,0,0,0,0
2003,46,11,7,5,27,727331,0,1,0,1,0,0,0,0,0
2004,47,12,5,7,48,663264,0,1,0,0,0,0,1,0,0
2005,57,9,7,1,40,840538,0,0,1,0,0,0,0,1,0
2006,24,32,2,2,36,796136,0,0,1,0,0,0,1,1,0
2007,44,39,1,6,43,730713,0,0,1,0,1,0,0,0,1
2008,39,15,10,9,55,751108,0,1,0,1,0,0,0,0,0
2009,56,34,8,0,50,895431,0,0,1,0,1,0,0,1,0
2010,59,2,1,6,53,869290,0,0,1,0,1,0,0,1,0
2011,30,4,2,5,21,347539,0,0,0,0,0,0,0,1,0
2012,45,25,10,7,22,804035,0,0,1,0,1,0,0,0,1
2013,38,10,6,6,49,394815,0,0,0,1,0,0,0,1,0
2014,39,6,1,3,27,156747,0,0,0,0,0,0,1,0,1
2015,56,9,10,2,26,736474,1,0,1,1,0,0,0,0,1
2016,30,33,3,2,31,546263,0,0,0,0,0,0,0,0,0
2017,53,2,7,3,38,563208,1,1,0,1,0,0,0,1,0
2018,25,7,8,8,45,593494,0,1,0,0,0,1,0,0,1
2019,55,30,4,8,47,921075,0,0,1,0,0,0,1,1,0
2020,54,10,3,1,34,892015,1,1,0,0,0,1,0,0,0
2021,53,6,1,4,33,635887,0,0,0,0,0,1,0,0,0
2022,41,1,9,0,33,335551,1,1,0,0,0,0,0,0,1
2023,37,5,10,3,22,1036195,1,0,1,0,1,0,0,0,0
2024,42,31,6,1,48,1218426,1,0,1,0,0,1,0,0,0
2025,57,19,6,7,25,569071,0,0,0,1,0,0,0,0,0
2026,35,33,9,3,42,884991,0,0,1,0,1,0,0,1,0
2027,55,15,1,4,47,522580,0,1,0,1,0,0,0,1,0
2028,48,24,6,10,33,725880,1,0,1,1,0,0,0,0,1
2029,27,11,5,3,33,217465,1,0,0,0,1,0,0,0,1
2030,52,6,6,4,39,1027361,0,0,1,0,1,0,0,0,0
2031,31,38,8,4,32,768685,0,1,0,1,0,0,0,0,0
2032,30,16,5,4,46,231875,0,0,0,0,0,0,0,0,1
2033,29,10,2,10,54,727841,0,1,0,0,0,0,1,0,0
2034,34,5,2,2,21,173390,0,0,0,0,0,0,1,0,1
2035,33,22,10,6,60,900156,1,0,1,0,0,0,0,1,0
2036,45,26,5,2,59,564290,1,0,0,0,1,0,0,0,0
2037,22,5,3,1,43,420093,1,0,0,1,0,0,0,0,0
2038,55,37,10,2,48,1007667,0,0,1,0,0,0,1,0,0
2039,27,1,3,10,22,567591,1,1,0,1,0,0,0,1,0
2040,41,21,8,2,23,852505,1,0,1,0,0,0,0,1,0
2041,38,19,7,7,21,531971,1,0,0,1,0,0,0,0,0
2042,23,24,1,3,39,695728,1,0,1,0,0,0,0,0,1
2043,59,14,5,2,34,349691,1,0,0,0,1,0,0,1,0
2044,31,28,9,9,51,1002756,0,0,1,0,0,0,0,0,0
2045,59,7,4,4,20,1000808,1,0,1,0,0,0,0,0,0
2046,44,36,1,3,57,578079,0,1,0,0,0,0,1,1,0
2047,39,32,8,8,54,257524,0,0,0,1,0,0,0,0,1
2048,24,21,5,7,26,701966,0,1,0,0,0,0,1,0,0
2049,46,4,2,10,32,340327,0,0,0,0,0,1,0,0,1
2050,58,38,1,6,20,738520,0,0,1,0,0,0,0,0,1
2051,52,17,3,7,33,542808,1,0,0,0,0,1,0,1,0
2052,59,37,9,4,48,793936,1,1,0,0,0,0,1,0,0
2053,56,36,1,3,22,702533,0,1,0,1,0,0,0,0,0
2054,57,29,4,6,43,478917,0,1,0,0,0,0,1,0,1
2055,53,30,8,0,20,422318,0,0,0,1,0,0,0,1,0
2056,56,9,8,5,29,559988,1,1,0,1,0,0,0,1,0
2057,23,14,10,7,32,597160,0,1,0,0,1,0,0,1,0
2058,29,17,8,6,55,403929,1,1,0,0,0,0,0,0,1
2059,28,22,10,1,28,690726,0,0,1,0,0,0,1,0,1
2060,53,32,8,6,33,1086348,1,0,1,1,0,0,0,0,0
2061,26,15,4,5,55,349565,0,0,0,0,0,0,1,1,0
2062,59,37,8,4,29,218153,1,0,0,0,0,0,1,0,1
2063,24,34,9,3,59,573921,0,1,0,1,0,0,0,1,0
2064,33,33,7,0,42,934896,1,0,1,0,0,1,0,0,1
2065,22,27,2,1,54,658154,1,1,0,0,0,0,0,0,0
2066,25,1,9,6,26,489608,1,1,0,0,0,0,0,1,0
2067,47,29,8,9,54,797983,1,0,1,0,1,0,0,0,1
2068,52,12,5,2,21,838899,1,0,1,0,1,0,0,1,0
2069,41,15,3,4,34,689872,1,0,1,0,1,0,0,0,1
2070,28,4,7,7,28,181682,1,0,0,0,0,0,0,0,1
2071,58,27,2,7,36,464409,0,0,0,0,0,1,0,0,1
2072,28,38,3,5,58,598799,0,1,0,0,0,0,0,1,0
2073,23,19,9,4,37,248224,0,0,0,0,0,0,0,0,1
2074,23,23,4,1,34,980083,0,0,1,0,0,0,0,0,0
2075,42,26,4,8,37,867295,0,0,1,0,0,0,0,1,0
2076,26,29,3,0,43,686613,1,0,0,0,0,1,0,0,0
2077,22,26,5,10,42,776565,1,1,0,0,1,0,0,0,0
2078,43,25,3,1,31,544074,1,1,0,0,0,0,1,1,0
2079,22,6,9,0,42,208934,1,0,0,0,1,0,0,0,1
2080,58,37,3,3,40,753566,1,1,0,0,1,0,0,0,0
2081,37,4,2,3,45,544149,0,1,0,0,0,0,1,1,0
2082,55,22,5,4,27,470096,0,1,0,0,0,0,0,0,1
2083,54,27,6,4,49,1022445,0,0,1,0,0,1,0,1,0
2084,43,33,1,7,53,1039918,0,0,1,0,0,1,0,1,0
2085,50,14,6,10,21,440607,1,0,0,0,1,0,0,1,0
2086,28,31,10,10,24,729374,1,0,1,0,0,0,1,0,1
2087,42,25,3,2,50,673630,1,1,0,1,0,0,0,0,0
2088,56,30,4,5,52,1085257,0,0,1,0,0,0,0,0,0
2089,25,18,6,2,23,383248,1,0,0,0,1,0,0,1,0
2090,33,8,8,1,25,1041627,0,0,1,0,0,1,0,1,0
2091,49,28,9,7,42,466393,1,1,0,0,0,0,1,0,1
2092,51,38,6,0,38,566394,1,1,0,0,0,0,1,1,0
2093,36,3,7,8,27,373135,0,0,0,0,1,0,0,1,0
2094,50,2,5,10,58,907837,1,0,1,1,0,0,0,1,0
2095,36,28,9,6,32,1241089,1,0,1,0,0,1,0,0,0
2096,32,10,4,9,20,844404,0,0,1,0,1,0,0,1,0
2097,37,32,10,10,25,772629,1,1,0,1,0,0,0,0,0
2098,36,37,6,3,26,180656,0,0,0,0,0,0,1,0,1
2099,32,10,5,2,46,693618,1,0,1,0,0,0,0,0,1
2100,28,26,1,5,34,878999,1,1,0,0,0,1,0,0,0
2101,40,32,5,8,53,880785,1,1,0,0,0,1,0,0,0
2102,23,20,5,8,42,700359,1,1,0,1,0,0,0,0,0
2103,36,38,9,3,43,1105807,1,0,1,0,1,0,0,0,0
2104,50,30,1,9,34,843694,1,0,1,0,0,0,1,1,0
2105,43,37,5,4,54,1021614,1,0,1,1,0,0,0,0,0
2106,48,1,7,10,23,1038049,1,0,1,0,0,0,0,0,0
